-- MySQL dump 10.13  Distrib 5.5.35, for debian-linux-gnu (armv7l)
--
-- Host: localhost    Database: musicdb
-- ------------------------------------------------------
-- Server version	5.5.35-0+wheezy1

/*!40101 SET @OLD_CHARACTER_SET_CLIENT=@@CHARACTER_SET_CLIENT */;
/*!40101 SET @OLD_CHARACTER_SET_RESULTS=@@CHARACTER_SET_RESULTS */;
/*!40101 SET @OLD_COLLATION_CONNECTION=@@COLLATION_CONNECTION */;
/*!40101 SET NAMES utf8 */;
/*!40103 SET @OLD_TIME_ZONE=@@TIME_ZONE */;
/*!40103 SET TIME_ZONE='+00:00' */;
/*!40014 SET @OLD_UNIQUE_CHECKS=@@UNIQUE_CHECKS, UNIQUE_CHECKS=0 */;
/*!40014 SET @OLD_FOREIGN_KEY_CHECKS=@@FOREIGN_KEY_CHECKS, FOREIGN_KEY_CHECKS=0 */;
/*!40101 SET @OLD_SQL_MODE=@@SQL_MODE, SQL_MODE='NO_AUTO_VALUE_ON_ZERO' */;
/*!40111 SET @OLD_SQL_NOTES=@@SQL_NOTES, SQL_NOTES=0 */;

--
-- Table structure for table `music`
--

DROP TABLE IF EXISTS `music`;
/*!40101 SET @saved_cs_client     = @@character_set_client */;
/*!40101 SET character_set_client = utf8 */;
CREATE TABLE `music` (
  `id` int(11) NOT NULL AUTO_INCREMENT COMMENT '曲ID',
  `name` varchar(512) COLLATE utf8_unicode_ci NOT NULL COMMENT '曲名',
  `file_name` varchar(512) COLLATE utf8_unicode_ci NOT NULL COMMENT '対応するファイル名',
  `user_id` int(11) NOT NULL COMMENT 'ユーザID',
  PRIMARY KEY (`id`)
) ENGINE=InnoDB AUTO_INCREMENT=927 DEFAULT CHARSET=utf8 COLLATE=utf8_unicode_ci COMMENT='楽曲情報テーブル';
/*!40101 SET character_set_client = @saved_cs_client */;

--
-- Dumping data for table `music`
--

LOCK TABLES `music` WRITE;
/*!40000 ALTER TABLE `music` DISABLE KEYS */;
INSERT INTO `music` VALUES (1,'London EVOLVED','London EVOLVED.mp3',1),(2,'New York EVOLVED','New York EVOLVED.mp3',1),(3,'Wings of an Angel (Fly With Me)','Wings of an Angel (Fly With Me).mp3',1),(4,'天上の星～黎明記～','天上の星～黎明記～.mp3',1),(5,'IX','IX.mp3',2),(6,'Another Phase','Another Phase.mp3',2),(7,'Beautiful Dream','Beautiful Dream.mp3',2),(8,'heron','heron.mp3',2),(9,'Ah La La La','Ah La La La.mp3',2),(10,'Back In Your Arms','Back In Your Arms.mp3',2),(11,'Bombay Bomb','Bombay Bomb.mp3',2),(12,'Children of the Beat','Children of the Beat.mp3',2),(13,'Condor','Condor.mp3',2),(14,'Confession','Confession.mp3',2),(15,'Desert Journey','Desert Journey.mp3',2),(16,'Diamond Night','Diamond Night.mp3',2),(17,'escape','escape.mp3',2),(18,'Everything I Need','Everything I Need.mp3',2),(19,'nightbird lost wing','nightbird lost wing.mp3',2),(20,'Somehow You Found Me','Somehow You Found Me.mp3',2),(21,'Find The Way','Find The Way.mp3',2),(22,'Hoping To Be Good','Hoping To Be Good.mp3',2),(23,'Summer Fairytale','Summer Fairytale.mp3',2),(24,'New Gravity','New Gravity.mp3',2),(25,'Sucka Luva','Sucka Luva.mp3',2),(26,'south','south.mp3',2),(27,'Qipchāq','Qipchāq.mp3',2),(28,'Straight Oath','Straight Oath.mp3',2),(29,'The Island Song','The Island Song.mp3',2),(30,'Tell me what to do','Tell me what to do.mp3',2),(31,'THE REASON','THE REASON.mp3',2),(32,'Top The Charts','Top The Charts.mp3',2),(33,'WILD SIDE','WILD SIDE.mp3',2),(34,'You','You.mp3',2),(35,'†渚の小悪魔ラヴリィ～レイディオ†','†渚の小悪魔ラヴリィ～レイディオ†.mp3',2),(36,'Air Heroes','Air Heroes.mp3',2),(37,'Back In Your Arms (Full version)','Back In Your Arms (Full version).mp3',2),(38,'Blew My Mind','Blew My Mind.mp3',2),(39,'Chinese Snowy Dance','Chinese Snowy Dance.mp3',2),(40,'Everything I Need (Full version)','Everything I Need (Full version).mp3',2),(41,'Find The Way (Original Size)','Find The Way (Original Size).mp3',2),(42,'Go For The Top (Grand Finale Mix)','Go For The Top (Grand Finale Mix).mp3',2),(43,'Go For The Top','Go For The Top.mp3',2),(44,'LOVE & JOY -Risk Junk MIX-','LOVE & JOY -Risk Junk MIX-.mp3',2),(45,'Magnetic','Magnetic.mp3',2),(46,'Monkey Business','Monkey Business.mp3',2),(47,'New Generation','New Generation.mp3',2),(48,'PRANA','PRANA.mp3',2),(49,'REVOLUTIONARY ADDICT','REVOLUTIONARY ADDICT.mp3',2),(50,'Right on time (Ryu☆Remix)','Right on time (Ryu☆Remix).mp3',2),(51,'RЁVOLUTIФN','RЁVOLUTIФN.mp3',2),(52,'sola','sola.mp3',2),(53,'south (Full version)','south (Full version).mp3',2),(54,'Spanish Snowy Dance','Spanish Snowy Dance.mp3',2),(55,'Straight Oath (Full version)','Straight Oath (Full version).mp3',2),(56,'Sweet Rain','Sweet Rain.mp3',2),(57,'The Wind of Gold','The Wind of Gold.mp3',2),(58,'Triple Journey -TAG EDITION-','Triple Journey -TAG EDITION-.mp3',2),(59,'からふるぱすてる','からふるぱすてる.mp3',2),(60,'フー・フローツ','フー・フローツ.mp3',2),(61,'ロンドンは夜8時 (LON 8PM - TYO 4AM)','ロンドンは夜8時 (LON 8PM - TYO 4AM).mp3',2),(62,'MrChildren - 抱きしめたい (Matt Cab Cover)','Mr.Children - 抱きしめたい (Matt Cab Cover).mp3',2),(63,'1-01 Gods Message','1-01 Gods Message.mp3',2),(64,'1-02 The Ultimate Soldier','1-02 The Ultimate Soldier.mp3',2),(65,'1-03 Dark Defender','1-03 Dark Defender.mp3',2),(66,'1-04 The Anthem','1-04 The Anthem.mp3',2),(67,'1-05 Out of the Dark','1-05 Out of the Dark.mp3',2),(68,'1-07 Quatre Mains (à quatre mains)','1-07 Quatre Mains (à quatre mains).mp3',2),(69,'1-09 Trust','1-09 Trust.mp3',2),(70,'1-11 Return to Ash','1-11 Return to Ash.mp3',2),(71,'1-12 It will mean Victory','1-12 It will mean Victory.mp3',2),(72,'1-13 Betrayal','1-13 Betrayal.mp3',2),(73,'1-14 Scarred and Battled','1-14 Scarred and Battled.mp3',2),(74,'1-15 From Beethoven 9','1-15 From Beethoven 9.mp3',2),(75,'1-16 The Wrath of God in All its Fur','1-16 The Wrath of God in All its Fur.mp3',2),(76,'1-17 Tout est Perplexe (Thème Q)','1-17 Tout est Perplexe (Thème Q).mp3',2),(77,'1-18 Gods Gift','1-18 Gods Gift.mp3',2),(78,'1-19 Kindred Spirits (Thème Q)','1-19 Kindred Spirits (Thème Q).mp3',2),(79,'01 プレリュード（前奏曲ｏｐ．３２－５）ト長調','01 プレリュード（前奏曲ｏｐ．３２－５）ト長調.mp3',2),(80,'02 ３つの演奏会用練習曲Ｓ．１４４－３～ため息','02 ３つの演奏会用練習曲Ｓ．１４４－３～ため息.mp3',2),(81,'03 ピアノ・ソナタ第１７番ニ短調ｏｐ．３１－２「テンペスト」～第三楽章　アレグレット','03 ピアノ・ソナタ第１７番ニ短調ｏｐ．３１－２「テンペスト」～第三楽章　アレグレット.mp3',2),(82,'04 歌劇「タイス」～タイスの瞑想曲','04 歌劇「タイス」～タイスの瞑想曲.mp3',2),(83,'05 ハバネラ形式による小品','05 ハバネラ形式による小品.mp3',2),(84,'06 ハンガリー舞曲第１番ト短調','06 ハンガリー舞曲第１番ト短調.mp3',2),(85,'07 アヴェ・マリア（エレンの歌第３番Ｄ．８３９　ｏｐ．５２－６）','07 アヴェ・マリア（エレンの歌第３番Ｄ．８３９　ｏｐ．５２－６）.mp3',2),(86,'08 ラクリモーサ（ちいさき　いのちの　ために）','08 ラクリモーサ（ちいさき　いのちの　ために）.mp3',2),(87,'09 ハンガリー舞曲第５番ト短調','09 ハンガリー舞曲第５番ト短調.mp3',2),(88,'01 Automaton','01 Automaton.wma',2),(89,'02 Abyss','02 Abyss.wma',2),(90,'03 IMMORAL','03 IMMORAL.wma',2),(91,'04 Do you know the magic-','04 Do you know the magic-.wma',2),(92,'05 philosophy','05 philosophy.wma',2),(93,'06 We　Ｓurvive','06 We　Ｓurvive.wma',2),(94,'07 Permit','07 Permit.wma',2),(95,'08 Lupe','08 Lupe.wma',2),(96,'09 Kiss the Future','09 Kiss the Future.wma',2),(97,'10 Egen','10 Egen.wma',2),(98,'11 Imaginary affair','11 Imaginary affair.wma',2),(99,'12 eclipse','12 eclipse.wma',2),(100,'13 Trust Youre Truth　～明日を守る約束～','13 Trust Youre Truth　～明日を守る約束～.wma',3),(101,'01 春－第１楽章','01 春－第１楽章.wma',3),(102,'02 第1番　ホ長調　作品８の１（RV２６９）春　第２楽章','02 第1番　ホ長調　作品８の１（RV２６９）春　第２楽章.wma',3),(103,'03 第1番　ホ長調　作品８の１（RV２６９）春　第３楽章','03 第1番　ホ長調　作品８の１（RV２６９）春　第３楽章.wma',3),(104,'04 夏－第1楽章','04 夏－第1楽章.wma',3),(105,'05 第２番　ト短調　作品８の２（RV３１５）夏　第２楽章','05 第２番　ト短調　作品８の２（RV３１５）夏　第２楽章.wma',3),(106,'06 第２番　ト短調　作品８の２（RV３１５）夏　第３楽章','06 第２番　ト短調　作品８の２（RV３１５）夏　第３楽章.wma',3),(107,'07 秋－第１楽章','07 秋－第１楽章.wma',3),(108,'08 第３番　ヘ長調　作品８の３（RV２９３）秋　第２楽章','08 第３番　ヘ長調　作品８の３（RV２９３）秋　第２楽章.wma',3),(109,'09 第３番　ヘ長調　作品８の３（RV２９３）秋　第３楽章','09 第３番　ヘ長調　作品８の３（RV２９３）秋　第３楽章.wma',3),(110,'10 冬－第１楽章','10 冬－第１楽章.wma',3),(111,'11 第４番　ヘ短調　作品８の４（RV２９７）冬　第２楽章','11 第４番　ヘ短調　作品８の４（RV２９７）冬　第２楽章.wma',3),(112,'12 第４番　ヘ短調　作品８の４（RV２９７）冬　第３楽章','12 第４番　ヘ短調　作品８の４（RV２９７）冬　第３楽章.wma',3),(113,'14 Collective','14 Collective.wma',2),(114,'01 ジムノペディ第１番','01 ジムノペディ第１番.wma',3),(115,'02 ジムノペディ第２番','02 ジムノペディ第２番.wma',3),(116,'03 ジムノペディ第３番','03 ジムノペディ第３番.wma',3),(117,'04 おまえが欲しい','04 おまえが欲しい.wma',3),(118,'05 ４つのしまりのない前奏曲（犬のための）　第１曲　内奥の声','05 ４つのしまりのない前奏曲（犬のための）　第１曲　内奥の声.wma',3),(119,'06 ４つのしまりのない前奏曲（犬のための）　第２曲　犬儒学派的牧歌','06 ４つのしまりのない前奏曲（犬のための）　第２曲　犬儒学派的牧歌.wma',3),(120,'07 ４つのしまりのない前奏曲（犬のための）　第３曲　犬の歌','07 ４つのしまりのない前奏曲（犬のための）　第３曲　犬の歌.wma',3),(121,'08 ４つのしまりのない前奏曲（犬のための）　第４曲　友情をもって','08 ４つのしまりのない前奏曲（犬のための）　第４曲　友情をもって.wma',3),(122,'09 あやなす前奏曲','09 あやなす前奏曲.wma',3),(123,'10 ４番目の夜想曲','10 ４番目の夜想曲.wma',3),(124,'11 古い金貨と古い鎧　第１曲　金商人の家（１３世紀のヴェニス）','11 古い金貨と古い鎧　第１曲　金商人の家（１３世紀のヴェニス）.wma',3),(125,'12 古い金貨と古い鎧　第２曲　鎧の踊り（ギリシャ時代）','12 古い金貨と古い鎧　第２曲　鎧の踊り（ギリシャ時代）.wma',3),(126,'13 古い金貨と古い鎧　第３曲　蛮族サンブリ人の敗北（悪夢）','13 古い金貨と古い鎧　第３曲　蛮族サンブリ人の敗北（悪夢）.wma',3),(127,'14 ひからびた胎児　第１曲　ナマコの胎児','14 ひからびた胎児　第１曲　ナマコの胎児.wma',3),(128,'15 ひからびた胎児　第２曲　甲殻類の胎児','15 ひからびた胎児　第２曲　甲殻類の胎児.wma',3),(129,'16 ひからびた胎児　第３曲　柄眼類の胎児','16 ひからびた胎児　第３曲　柄眼類の胎児.wma',3),(130,'17 グノシエンヌ第１番','17 グノシエンヌ第１番.wma',3),(131,'18 グノシエンヌ第２番','18 グノシエンヌ第２番.wma',3),(132,'19 グノシエンヌ第３番','19 グノシエンヌ第３番.wma',3),(133,'20 グノシエンヌ第４番','20 グノシエンヌ第４番.wma',3),(134,'21 グノシエンヌ第５番','21 グノシエンヌ第５番.wma',3),(135,'22 グノシエンヌ第６番','22 グノシエンヌ第６番.wma',3),(136,'23 官僚的なソナチネ','23 官僚的なソナチネ.wma',3),(137,'24 ピカデリー','24 ピカデリー.wma',3),(138,'01 白夜幻想譚','01 白夜幻想譚.wma',3),(139,'02 夏の羽音','02 夏の羽音.wma',3),(140,'03 SilentFlame','03 SilentFlame.wma',3),(141,'04 恋獄','04 恋獄.wma',3),(142,'05 ふたりの未来','05 ふたりの未来.wma',3),(143,'06 希望の羽','06 希望の羽.wma',3),(144,'07 空夢','07 空夢.wma',3),(145,'08 追憶の破片','08 追憶の破片.wma',3),(146,'09 光の地図','09 光の地図.wma',3),(147,'10 遠い伝承歌','10 遠い伝承歌.wma',3),(148,'11 あしあとリズム','11 あしあとリズム.wma',3),(149,'12 セカイハカガヤク','12 セカイハカガヤク.wma',3),(150,'01 風の行方（ＰＣゲーム「ヘブンストラーダ」主題歌）','01 風の行方（ＰＣゲーム「ヘブンストラーダ」主題歌）.wma',3),(151,'02 Ｒｕｎ　ｆｏｒ　ｙｏｕｒ　ｌｉｆｅ（ＰＳ２ゲーム「マナケミア～学園の錬金術師たち～」主題歌）','02 Ｒｕｎ　ｆｏｒ　ｙｏｕｒ　ｌｉｆｅ（ＰＳ２ゲーム「マナケミア～学園の錬金術師たち～」主題歌）.wma',3),(152,'03 蝶（ＰＣゲーム「ＰＰ－ピアニッシモ－操り人形ノ輪舞」主題歌）','03 蝶（ＰＣゲーム「ＰＰ－ピアニッシモ－操り人形ノ輪舞」主題歌）.wma',3),(153,'04 Ｌｅａｐ　ｉｎｔｏ　ｈｉｇｈ（ＰＣゲーム「ピリオド」主題歌）','04 Ｌｅａｐ　ｉｎｔｏ　ｈｉｇｈ（ＰＣゲーム「ピリオド」主題歌）.wma',3),(154,'05 ｄｉｓｔａｎｃｅ（ＰＣゲーム「ＰＰ－ピアニッシモ－操り人形ノ輪舞」ＥＤ）','05 ｄｉｓｔａｎｃｅ（ＰＣゲーム「ＰＰ－ピアニッシモ－操り人形ノ輪舞」ＥＤ）.wma',3),(155,'06 Ｔｒｕｅ　Ｗｏｒｌｄ（ＰＣゲーム「魔王と踊れ！２」主題歌）','06 Ｔｒｕｅ　Ｗｏｒｌｄ（ＰＣゲーム「魔王と踊れ！２」主題歌）.wma',3),(156,'07 荒野に咲く祈り（ＰＣゲーム「Ｒｅｌｉｃｔ２～エピソード・ムーン～」主題歌）','07 荒野に咲く祈り（ＰＣゲーム「Ｒｅｌｉｃｔ２～エピソード・ムーン～」主題歌）.wma',3),(157,'08 Ｅｔｅｒｎａｌ　Ｓｔｏｒｙ（ＰＳ２ゲーム「イリスのアトリエ　エターナルマナ２」主題歌）','08 Ｅｔｅｒｎａｌ　Ｓｔｏｒｙ（ＰＳ２ゲーム「イリスのアトリエ　エターナルマナ２」主題歌）.wma',3),(158,'09 ひまわり（ＰＣゲーム「なつぽち」ＥＤ）','09 ひまわり（ＰＣゲーム「なつぽち」ＥＤ）.wma',3),(159,'10 泡沫（ＰＳ２ゲーム「アカイイト」ＢＧＭボーカルアレンジ曲）','10 泡沫（ＰＳ２ゲーム「アカイイト」ＢＧＭボーカルアレンジ曲）.wma',3),(160,'11 協想曲（コンチェルト）（ＰＣゲーム「レクタンドール戦記　レヴォラシオン～紋章の記憶～」主題歌）','11 協想曲（コンチェルト）（ＰＣゲーム「レクタンドール戦記　レヴォラシオン～紋章の記憶～」主題歌）.wma',3),(161,'12 音のコンパス','12 音のコンパス.wma',3),(162,'13 とある忘れられた丘にある灯台守の手紙','13 とある忘れられた丘にある灯台守の手紙.wma',3),(163,'01 ｌｅａｒｎ　ｔｏｇｅｔｈｅｒ（ＴＶアニメ「３０歳の保健体育」ＥＤテーマ）','01 ｌｅａｒｎ　ｔｏｇｅｔｈｅｒ（ＴＶアニメ「３０歳の保健体育」ＥＤテーマ）.wma',3),(164,'02 スクールバス（ＰＳ２「グリーングリーン～鐘ノ音ロマティック～」月森こずえルートＥＤテーマ）','02 スクールバス（ＰＳ２「グリーングリーン～鐘ノ音ロマティック～」月森こずえルートＥＤテーマ）.wma',3),(165,'03 Ｌｉｋｅ　ａ　Ｇｒｅｅｎ（ＰＣゲーム「グリーングリーン２　恋のスペシャルサマー」ＯＰテーマ）','03 Ｌｉｋｅ　ａ　Ｇｒｅｅｎ（ＰＣゲーム「グリーングリーン２　恋のスペシャルサマー」ＯＰテーマ）.wma',3),(166,'04 Ｐｒｅｃｉｏｕｓ　Ｍｅｍｏｒｉｅｓ','04 Ｐｒｅｃｉｏｕｓ　Ｍｅｍｏｒｉｅｓ.wma',3),(167,'05 マーガレット（ＰＣゲーム「エーデルワイス」イメージソング）','05 マーガレット（ＰＣゲーム「エーデルワイス」イメージソング）.wma',3),(168,'06 Ｍｏｏｎ　Ｓｔｏｒｙ（ＰＣゲーム「片恋いの月　えくすとら」ＯＰテーマ）','06 Ｍｏｏｎ　Ｓｔｏｒｙ（ＰＣゲーム「片恋いの月　えくすとら」ＯＰテーマ）.wma',3),(169,'07 風のように　炎のように（ＰＣゲーム「超昂閃忍ハルカ」ＯＰテーマ）','07 風のように　炎のように（ＰＣゲーム「超昂閃忍ハルカ」ＯＰテーマ）.wma',3),(170,'08 運命（ＴＶアニメ「魔乳秘剣帖」ＯＰテーマ）','08 運命（ＴＶアニメ「魔乳秘剣帖」ＯＰテーマ）.wma',3),(171,'09 二つの足跡（ＴＶアニメ『魔乳秘剣帖』ＥＤテーマ）','09 二つの足跡（ＴＶアニメ『魔乳秘剣帖』ＥＤテーマ）.wma',3),(172,'10 Ａ　ｎｉｇｈｔ　ｃｏｍｅｓ！（ＰＣゲーム「夜が来る！」テーマソング　アレンジｖｅｒ．）','10 Ａ　ｎｉｇｈｔ　ｃｏｍｅｓ！（ＰＣゲーム「夜が来る！」テーマソング　アレンジｖｅｒ．）.wma',3),(173,'11 Ｖｏｉｃｅ（ＰＳＰ「Ｇｉｆｔ　－ｐｒｉｓｍ－」挿入歌）','11 Ｖｏｉｃｅ（ＰＳＰ「Ｇｉｆｔ　－ｐｒｉｓｍ－」挿入歌）.wma',3),(174,'12 Ｐｉｅｃｅｓ（ＴＶアニメ「境界線上のホライゾン」ＥＤテーマ－Ｓｉｄｅ　Ａｒｉａｄｕｓｔ－）','12 Ｐｉｅｃｅｓ（ＴＶアニメ「境界線上のホライゾン」ＥＤテーマ－Ｓｉｄｅ　Ａｒｉａｄｕｓｔ－）.wma',3),(175,'13 愛乞う者（ＰＣゲーム「カミカゼ☆エクスプローラー！」ＥＤテーマ）','13 愛乞う者（ＰＣゲーム「カミカゼ☆エクスプローラー！」ＥＤテーマ）.wma',3),(176,'14 ヒカリ（ＰＳＰ／Ｘｂｏｘ３６０ゲーム「ｃｏｄｅ＿１８」ＥＤテーマ）','14 ヒカリ（ＰＳＰ／Ｘｂｏｘ３６０ゲーム「ｃｏｄｅ＿１８」ＥＤテーマ）.wma',3),(177,'15 ＦＬＹ　ＨＩＧＨ','15 ＦＬＹ　ＨＩＧＨ.wma',3),(178,'16 トラック 16','16 トラック 16.wma',3),(179,'01 アンダンテ・スピアナートと華麗なる大ポロネーズ変ホ長調ｏｐ．２２　アンダンテ・スピアナート','01 アンダンテ・スピアナートと華麗なる大ポロネーズ変ホ長調ｏｐ．２２　アンダンテ・スピアナート.wma',3),(180,'02 アンダンテ・スピアナートと華麗なる大ポロネーズ変ホ長調ｏｐ．２２　華麗なる大ポロネーズ','02 アンダンテ・スピアナートと華麗なる大ポロネーズ変ホ長調ｏｐ．２２　華麗なる大ポロネーズ.wma',3),(181,'03 バラード第１番ト短調ｏｐ．２３','03 バラード第１番ト短調ｏｐ．２３.wma',3),(182,'04 ４つのマズルカｏｐ．２４　第１４番ト短調ｏｐ．２４－１','04 ４つのマズルカｏｐ．２４　第１４番ト短調ｏｐ．２４－１.wma',3),(183,'05 ４つのマズルカｏｐ．２４　第１５番ハ長調ｏｐ．２４－２','05 ４つのマズルカｏｐ．２４　第１５番ハ長調ｏｐ．２４－２.wma',3),(184,'06 ４つのマズルカｏｐ．２４　第１６番変イ長調ｏｐ．２４－３','06 ４つのマズルカｏｐ．２４　第１６番変イ長調ｏｐ．２４－３.wma',3),(185,'07 ４つのマズルカｏｐ．２４　第１７番変ロ短調ｏｐ．２４－４','07 ４つのマズルカｏｐ．２４　第１７番変ロ短調ｏｐ．２４－４.wma',3),(186,'08 ２つのノクターンｏｐ．２７　第７番嬰ハ短調ｏｐ．２７－１','08 ２つのノクターンｏｐ．２７　第７番嬰ハ短調ｏｐ．２７－１.wma',3),(187,'09 ２つのノクターンｏｐ．２７　第８番変ニ長調ｏｐ．２７－２','09 ２つのノクターンｏｐ．２７　第８番変ニ長調ｏｐ．２７－２.wma',3),(188,'10 幻想曲へ短調ｏｐ．４９','10 幻想曲へ短調ｏｐ．４９.wma',3),(189,'Sleep Away','Sleep Away.mp3',3),(190,'Maid with the Flaxen Hair','Maid with the Flaxen Hair.mp3',3),(191,'Kalimba','Kalimba.mp3',3),(192,'01 ε～Ｅｐｓｉｌｏｎ～','01 ε～Ｅｐｓｉｌｏｎ～.wma',3),(193,'02 リアル鬼ごっこ（映画「リアル鬼ごっこ」主題歌）','02 リアル鬼ごっこ（映画「リアル鬼ごっこ」主題歌）.wma',3),(194,'03 －∞－ＤＲＩＶＥ','03 －∞－ＤＲＩＶＥ.wma',3),(195,'04 ｓｃｅｎｅ','04 ｓｃｅｎｅ.wma',3),(196,'05 雨とギター','05 雨とギター.wma',3),(197,'06 限界打破','06 限界打破.wma',3),(198,'07 モネラの絆','07 モネラの絆.wma',3),(199,'08 ハヤテのごとく！（ＴＶアニメ「ハヤテのごとく！」ＯＰテーマ）','08 ハヤテのごとく！（ＴＶアニメ「ハヤテのごとく！」ＯＰテーマ）.wma',3),(200,'09 ＲＩ←ＳＵ→ＫＵ','09 ＲＩ←ＳＵ→ＫＵ.wma',3),(201,'10 ＨＥＬＬＩＯＮ','10 ＨＥＬＬＩＯＮ.wma',3),(202,'11 Ｇｅｏｇｌｙｐｈｓ','11 Ｇｅｏｇｌｙｐｈｓ.wma',3),(203,'12 ＢＬＡＺＥ（ＴＶアニメ「灼眼のシャナ２」ＯＰテーマ）','12 ＢＬＡＺＥ（ＴＶアニメ「灼眼のシャナ２」ＯＰテーマ）.wma',3),(204,'13 ＬＩＴＴＬＥ　ＢＡＢＹ　ＮＯＴＨＩＮＧ','13 ＬＩＴＴＬＥ　ＢＡＢＹ　ＮＯＴＨＩＮＧ.wma',3),(205,'01 Ｌｅｔ　Ｍｅ　Ｂｅ　Ｗｉｔｈ　Ｙｏｕ','01 Ｌｅｔ　Ｍｅ　Ｂｅ　Ｗｉｔｈ　Ｙｏｕ.wma',3),(206,'02 Ｎｅｗ　Ｗｏｒｌｄ','02 Ｎｅｗ　Ｗｏｒｌｄ.wma',3),(207,'03 Ｓｕｎｎｙ　Ｓｉｄｅ　Ｈｉｌｌ','03 Ｓｕｎｎｙ　Ｓｉｄｅ　Ｈｉｌｌ.wma',3),(208,'04 Ｇｒｏｏｖｉｎ’Ｍａｇｉｃ','04 Ｇｒｏｏｖｉｎ’Ｍａｇｉｃ.wma',3),(209,'05 Ｒａｉｎｂｏｗ','05 Ｒａｉｎｂｏｗ.wma',3),(210,'06 夏待ち','06 夏待ち.wma',3),(211,'07 パズル','07 パズル.wma',3),(212,'08 Ｏｈ！Ｙｅａｈ！！（Ｎｅｗ　Ｙｅａｒ’ｓ　Ｍｉｘ）','08 Ｏｈ！Ｙｅａｈ！！（Ｎｅｗ　Ｙｅａｒ’ｓ　Ｍｉｘ）.wma',3),(213,'09 恋をしてる','09 恋をしてる.wma',3),(214,'10 シンフォニー','10 シンフォニー.wma',3),(215,'11 ナガレボシ','11 ナガレボシ.wma',3),(216,'12 ヒマワリ','12 ヒマワリ.wma',3),(217,'13 約束の場所（ＯＶＡ「わんおふ－－ｏｎｅ　ｏｆｆ」ＯＰテーマ）','13 約束の場所（ＯＶＡ「わんおふ－－ｏｎｅ　ｏｆｆ」ＯＰテーマ）.wma',3),(218,'14 メモリーズ（ＯＶＡ「わんおふ－－ｏｎｅ　ｏｆｆ」ＥＤテーマ）','14 メモリーズ（ＯＶＡ「わんおふ－－ｏｎｅ　ｏｆｆ」ＥＤテーマ）.wma',3),(219,'01 ひぐらしのなく頃に','01 ひぐらしのなく頃に.wma',3),(220,'02 Ｓｕｐｅｒ　ｓｃｒｉｐｔｉｏｎ　ｏｆ　ｄａｔａ','02 Ｓｕｐｅｒ　ｓｃｒｉｐｔｉｏｎ　ｏｆ　ｄａｔａ.wma',3),(221,'03 ＶＡＮＩＬＬＡ','03 ＶＡＮＩＬＬＡ.wma',3),(222,'04 太陽','04 太陽.wma',3),(223,'05 誓い','05 誓い.wma',3),(224,'06 ひかりなでしこ','06 ひかりなでしこ.wma',3),(225,'07 奈落の花','07 奈落の花.wma',3),(226,'08 Ｄｒｅａｍｅｒ（２０１１　Ｒｅｍｉｘ）','08 Ｄｒｅａｍｅｒ（２０１１　Ｒｅｍｉｘ）.wma',3),(227,'09 砂の城－Ｔｈｅ　Ｃａｓｔｌｅ　ｏｆ　Ｓａｎｄ－','09 砂の城－Ｔｈｅ　Ｃａｓｔｌｅ　ｏｆ　Ｓａｎｄ－.wma',3),(228,'10 ＷＨＥＥＬ　ＯＦ　ＦＯＲＴＵＮＥ（運命の輪）','10 ＷＨＥＥＬ　ＯＦ　ＦＯＲＴＵＮＥ（運命の輪）.wma',3),(229,'11 スカラベの祈り（ｂｒｏｗｎ　ｓｕｇａｒ　ｓｔｙｌｅ）','11 スカラベの祈り（ｂｒｏｗｎ　ｓｕｇａｒ　ｓｔｙｌｅ）.wma',3),(230,'12 Ｒｉｖｅｒ','12 Ｒｉｖｅｒ.wma',3),(231,'13 ｉｎｎｅｒ　ｃｈｉｌｄ','13 ｉｎｎｅｒ　ｃｈｉｌｄ.wma',3),(232,'01 ＲＥＤ　ＦＲＡＣＴＩＯＮ（ＴＶアニメ「ＢＬＡＣＫ　ＬＡＧＯＯＮ」オープニングテーマ）','01 ＲＥＤ　ＦＲＡＣＴＩＯＮ（ＴＶアニメ「ＢＬＡＣＫ　ＬＡＧＯＯＮ」オープニングテーマ）.wma',3),(233,'02 ＲＩＤＥＢＡＣＫ（ＴＶアニメ「ＲＩＤＥＢＬＡＣＫ」オープニングテーマ）','02 ＲＩＤＥＢＡＣＫ（ＴＶアニメ「ＲＩＤＥＢＬＡＣＫ」オープニングテーマ）.wma',3),(234,'03 ＶＩＲＧＩＮ’Ｓ　ＨＩＧＨ！（ＴＶアニメ「スカイガールズ」オープニングテーマ）','03 ＶＩＲＧＩＮ’Ｓ　ＨＩＧＨ！（ＴＶアニメ「スカイガールズ」オープニングテーマ）.wma',3),(235,'04 ＰＲＯＯＦ（ＴＶアニメ「ハヤテのごとく！」エンディングテーマ）','04 ＰＲＯＯＦ（ＴＶアニメ「ハヤテのごとく！」エンディングテーマ）.wma',3),(236,'05 ＮＯＢＬＥＳＴ　ＬＯＶＥ','05 ＮＯＢＬＥＳＴ　ＬＯＶＥ.wma',3),(237,'06 ＫＩＣＫＳ！','06 ＫＩＣＫＳ！.wma',3),(238,'07 ＭＹ　ＰＲＥＣＩＯＵＳ','07 ＭＹ　ＰＲＥＣＩＯＵＳ.wma',3),(239,'08 美しく生きたい','08 美しく生きたい.wma',3),(240,'09 ＳＣＯＰＥ','09 ＳＣＯＰＥ.wma',3),(241,'10 ＳＴＡＲＴ　ＯＦ　ＴＨＥ　ＳＴＲＯＮＧＥＳＴ～我今，最下層にて～（オンラインゲーム「ＨＥＬＬＧＡＴＥ」イメージソング）','10 ＳＴＡＲＴ　ＯＦ　ＴＨＥ　ＳＴＲＯＮＧＥＳＴ～我今，最下層にて～（オンラインゲーム「ＨＥＬＬＧＡＴＥ」イメージソング）.wma',3),(242,'11 ＥＭＰＴＹ','11 ＥＭＰＴＹ.wma',3),(243,'12 ＩＮ　ＴＨＥ　ＮＡＭＥ　ＯＦ　ＬＯＶＥ','12 ＩＮ　ＴＨＥ　ＮＡＭＥ　ＯＦ　ＬＯＶＥ.wma',3),(244,'13 空より近い夢（２０１３　ＶＥＲ．）','13 空より近い夢（２０１３　ＶＥＲ．）.wma',3),(245,'01 ｕｎｄｅｒ　ｔｈｅ　ｄａｒｋｎｅｓｓ','01 ｕｎｄｅｒ　ｔｈｅ　ｄａｒｋｎｅｓｓ.wma',3),(246,'02 Ｅｖｅｒｙｔｈｉｎｇ　ｉｓ　ａｓｓｕｍｅｄ　ｔｏ　ｂｅ　ｃｏｎｎｅｃｔｅｄ','02 Ｅｖｅｒｙｔｈｉｎｇ　ｉｓ　ａｓｓｕｍｅｄ　ｔｏ　ｂｅ　ｃｏｎｎｅｃｔｅｄ.wma',3),(247,'03 ｊｕｄｇｅ','03 ｊｕｄｇｅ.wma',3),(248,'04 風をうけて','04 風をうけて.wma',3),(249,'05 ＤＡＹ　ＩＮ','05 ＤＡＹ　ＩＮ.wma',3),(250,'06 ｆｌａｔ','06 ｆｌａｔ.wma',3),(251,'07 Ｆａｃｅ　ｏｆ　Ｆａｃｔ','07 Ｆａｃｅ　ｏｆ　Ｆａｃｔ.wma',3),(252,'08 Ｓｗｅｐｔ　Ａｗａｙ','08 Ｓｗｅｐｔ　Ａｗａｙ.wma',3),(253,'09 破線の標','09 破線の標.wma',3),(254,'10 ｐｒａｙ','10 ｐｒａｙ.wma',3),(255,'11 ＢＬＵＥ','11 ＢＬＵＥ.wma',3),(256,'12 ｕｎｄｅｒ　ｔｈｅ　ｄａｒｋｎｅｓｓ（ｆｏｕｒ　ｐｉｅｃｅ　ｂａｎｄ　ｍｉｘ）','12 ｕｎｄｅｒ　ｔｈｅ　ｄａｒｋｎｅｓｓ（ｆｏｕｒ　ｐｉｅｃｅ　ｂａｎｄ　ｍｉｘ）.wma',3),(268,'02 恋の片道切符','02 恋の片道切符.mp3',4),(269,'03 LIFE (Smart Sports ver)','03 LIFE (Smart Sports ver.).mp3',4),(270,'04 HEART','04 HEART.mp3',4),(271,'05 踊れ','05 踊れ.mp3',4),(272,'06 Paradise','06 Paradise.mp3',4),(273,'07 Fly Out','07 Fly Out.mp3',4),(274,'08 Summer Time Love','08 Summer Time Love.mp3',4),(275,'09 時の描片 ～トキノカケラ～','09 時の描片 ～トキノカケラ～.mp3',4),(276,'10 Midnight Call','10 Midnight Call.mp3',4),(277,'12 君のすべてに','12 君のすべてに.mp3',4),(278,'13 STEP UP','13 STEP UP.mp3',4),(279,'14 ONE LOVE','14 ONE LOVE.mp3',4),(280,'15 残り火 -eternal BED-','15 残り火 -eternal BED-.mp3',4),(281,'17 ここにいるよ','17 ここにいるよ.mp3',4),(282,'18 そばにいるね','18 そばにいるね.mp3',4),(283,'19 EVERYTHING NEEDS LOVE','19 EVERYTHING NEEDS LOVE.mp3',4),(284,'20 Leave','20 Leave.mp3',4),(285,'01 I Wish For You','01 I Wish For You.mp3',4),(286,'02 KISS KISS [JAPANESE VERSION]','02 KISS KISS [JAPANESE VERSION].mp3',4),(287,'03 BYE BYE','03 BYE BYE.mp3',4),(288,'04 GO AWAY','04 GO AWAY.mp3',4),(289,'05 WAVES','05 WAVES.mp3',4),(290,'06 HANDS UP','06 HANDS UP.mp3',4),(291,'08 ジェットコースターラブ','08 ジェットコースターラブ.mp3',4),(292,'07 Dear J','07 Dear J.mp3',4),(293,'09 BAD DAY','09 BAD DAY.mp3',4),(294,'10 何かひとつ','10 何かひとつ.mp3',4),(295,'11 Superman','11 Superman.mp3',4),(296,'12 今のキミを忘れない','12 今のキミを忘れない.mp3',4),(297,'13 Still','13 Still.mp3',4),(298,'14 moving on','14 moving on.mp3',4),(299,'15 Trust In You','15 Trust In You.mp3',4),(300,'16 Gee','16 Gee.mp3',4),(301,'17 君に会いたい…','17 君に会いたい….mp3',4),(302,'19 Replay -君は僕のeverything-','19 Replay -君は僕のeverything-.mp3',4),(303,'01 prey -remix-','01 prey -remix-.wma',3),(304,'02 SNOW -Album Mix-','02 SNOW -Album Mix-.wma',3),(305,'03 Face of Fact','03 Face of Fact.wma',3),(306,'04 Save your heart -Album Mix-','04 Save your heart -Album Mix-.wma',3),(307,'05 遮光 ～かげり～ -Album Mix-','05 遮光 ～かげり～ -Album Mix-.wma',3),(308,'06 僕らが見守る未来','06 僕らが見守る未来.wma',3),(309,'07 GREEDY','07 GREEDY.wma',3),(310,'08 Feel in tears','08 Feel in tears.wma',3),(311,'10 雨に歌う譚詩曲','10 雨に歌う譚詩曲.wma',3),(312,'09 夏草の線路 -Album Mix-','09 夏草の線路 -Album Mix-.wma',3),(313,'11 I pray to stop my cry -little sea style-','11 I pray to stop my cry -little sea style-.wma',3),(314,'12 悲しみの花','12 悲しみの花.wma',3),(315,'13 Lament','13 Lament.wma',3),(316,'01 Heart of Hearts','01 Heart of Hearts.wma',3),(317,'02 Close to me','02 Close to me.wma',3),(318,'03 さよならを教えて -comment te dire adieu-','03 さよならを教えて -comment te dire adieu-.wma',3),(319,'04 Senecio','04 Senecio.wma',3),(320,'05 sensitive','05 sensitive.wma',3),(321,'06 Wind and Wander','06 Wind and Wander.wma',3),(322,'07 Ever stay snow','07 Ever stay snow.wma',3),(323,'08 風と君を抱いて','08 風と君を抱いて.wma',3),(324,'09 空を舞う翼　－Ａｌｂｕｍ　Ｍｉｘ－','09 空を舞う翼　－Ａｌｂｕｍ　Ｍｉｘ－.wma',3),(325,'10 砂の城 -The Castle of Sand-','10 砂の城 -The Castle of Sand-.wma',3),(326,'11 Velocity of sound','11 Velocity of sound.wma',3),(327,'12 Out Flow','12 Out Flow.wma',3),(328,'GaijinGames-BitTripRunnerOriginal-01-BlackoutCityfeat','GaijinGames-BitTripRunnerOriginal-01-BlackoutCityfeat.mp3',5),(329,'GaijinGames-BitTripRunnerOriginal-02-Impetus','GaijinGames-BitTripRunnerOriginal-02-Impetus.mp3',5),(330,'GaijinGames-BitTripRunnerOriginal-03-Strength','GaijinGames-BitTripRunnerOriginal-03-Strength.mp3',5),(331,'GaijinGames-BitTripRunnerOriginal-04-Tenacity','GaijinGames-BitTripRunnerOriginal-04-Tenacity.mp3',5),(332,'GaijinGames-BitTripRunnerOriginal-05-Conviction','GaijinGames-BitTripRunnerOriginal-05-Conviction.mp3',5),(333,'GaijinGames-BitTripRunnerOriginal-06-Triumph','GaijinGames-BitTripRunnerOriginal-06-Triumph.mp3',5),(334,'GaijinGames-BitTripRunnerOriginal-07-Fortitude','GaijinGames-BitTripRunnerOriginal-07-Fortitude.mp3',5),(335,'GaijinGames-BitTripRunnerOriginal-08-Mermaidfeat','GaijinGames-BitTripRunnerOriginal-08-Mermaidfeat.mp3',5),(336,'GaijinGames-BitTripRunnerOriginal-09-Inspiration','GaijinGames-BitTripRunnerOriginal-09-Inspiration.mp3',5),(337,'GaijinGames-BitTripRunnerOriginal-10-Bravery','GaijinGames-BitTripRunnerOriginal-10-Bravery.mp3',5),(338,'GaijinGames-BitTripRunnerOriginal-11-Anticipation','GaijinGames-BitTripRunnerOriginal-11-Anticipation.mp3',5),(339,'GaijinGames-BitTripRunnerOriginal-12-Admiration','GaijinGames-BitTripRunnerOriginal-12-Admiration.mp3',5),(340,'GaijinGames-BitTripRunnerOriginal-13-Support','GaijinGames-BitTripRunnerOriginal-13-Support.mp3',5),(341,'GaijinGames-BitTripRunnerOriginal-14-Demo 2 (Steam Exclusive)','GaijinGames-BitTripRunnerOriginal-14-Demo 2 (Steam Exclusive).mp3',5),(342,'02 コンサートマーチ「光と風の通り道」','02 コンサートマーチ「光と風の通り道」.mp3',6),(343,'03 憧れの街','03 憧れの街.mp3',6),(344,'04 マーチ「ブルースカイ」','04 マーチ「ブルースカイ」.mp3',6),(345,'05 ナジム・アラビー','05 ナジム・アラビー.mp3',6),(346,'01 ピッコロマーチ','01 ピッコロマーチ.mp3',6),(347,'01-紅茶に浮かぶ思い出','01-紅茶に浮かぶ思い出.mp3',5),(348,'02-カフェ ー執務室ー','02-カフェ ー執務室ー.mp3',5),(349,'03-鎮守府の危ない昼下がり','03-鎮守府の危ない昼下がり.mp3',5),(350,'04-昼の世界と夜の世界','04-昼の世界と夜の世界.mp3',5),(351,'06-まだ見ぬ先に','06-まだ見ぬ先に.mp3',5),(352,'05-安らぎの夜','05-安らぎの夜.mp3',5),(353,'07-海の底へ','07-海の底へ.mp3',5),(354,'01 The Formula (Extended Mix)','01 The Formula (Extended Mix).mp3',5),(355,'02 Good Bye, Blue Ogre (gdbg edit)','02 Good Bye, Blue Ogre (gdbg edit).mp3',5),(356,'03 Afterimage (Club Mix)','03 Afterimage (Club Mix).mp3',5),(357,'04 Right Back -Extend-','04 Right Back -Extend-.mp3',5),(358,'05 BAYSIDE AREA','05 BAYSIDE AREA.mp3',5),(359,'06 GIN TONIC FLAVOR','06 GIN TONIC FLAVOR.mp3',5),(360,'07 Highleg Mermaid','07 Highleg Mermaid.mp3',5),(361,'08 Cafeteria remix','08 Cafeteria remix.mp3',5),(362,'09 Come out of a dream!','09 Come out of a dream!.mp3',5),(363,'10 GAGAJAZQUE','10 GAGAJAZQUE.mp3',5),(364,'11 Crafty trick','11 Crafty trick.mp3',5),(365,'12 7 colors_','12 7 colors_.mp3',5),(366,'01 歓喜の序曲','01 歓喜の序曲.mp3',6),(367,'02 狂詩曲ノヴェナ','02 狂詩曲ノヴェナ.mp3',6),(368,'03 インヴィクタ序曲','03 インヴィクタ序曲.mp3',6),(369,'04 チェスフォードポートレート','04 チェスフォードポートレート.mp3',6),(370,'05 マジェスティア','05 マジェスティア.mp3',6),(371,'06 アヴェンテューラ','06 アヴェンテューラ.mp3',6),(372,'07 コヴィントン広場','07 コヴィントン広場.mp3',6),(373,'08 センチュリア','08 センチュリア.mp3',6),(374,'09 誇りと祝典','09 誇りと祝典.mp3',6),(375,'10 シーゲート序曲','10 シーゲート序曲.mp3',6),(376,'01 序奏','01 序奏.mp3',6),(377,'02 情景＜第一幕＞','02 情景＜第一幕＞.mp3',6),(378,'03 ワルツ＜第一幕＞','03 ワルツ＜第一幕＞.mp3',6),(379,'04 情景＜第二幕＞','04 情景＜第二幕＞.mp3',6),(380,'05 白鳥たちの踊り（4羽の白鳥の踊り）','05 白鳥たちの踊り（4羽の白鳥の踊り）.mp3',6),(381,'06 ナポリの踊り','06 ナポリの踊り.mp3',6),(382,'07 ハンガリーの踊り（チャールダーシュ）','07 ハンガリーの踊り（チャールダーシュ）.mp3',6),(383,'08 情景＜第三幕＞','08 情景＜第三幕＞.mp3',6),(384,'09 スペインの踊り','09 スペインの踊り.mp3',6),(385,'10 小さい白鳥たちの踊り','10 小さい白鳥たちの踊り.mp3',6),(386,'11 情景＜第四幕＞','11 情景＜第四幕＞.mp3',6),(387,'12 終幕の情景','12 終幕の情景.mp3',6),(388,'01 風の通り道','01 風の通り道.mp3',7),(389,'02 晴れた日に','02 晴れた日に.mp3',7),(390,'03 さんぽ','03 さんぽ.mp3',7),(391,'04 空から降ってきた少女','04 空から降ってきた少女.mp3',7),(392,'05 めぐる季節','05 めぐる季節.mp3',7),(393,'06 アシタカせっ記','06 アシタカせっ記.mp3',7),(394,'07 愛は花、君はその種子','07 愛は花、君はその種子.mp3',7),(395,'08 ねこバス','08 ねこバス.mp3',7),(396,'09 テルーの唄','09 テルーの唄.mp3',7),(397,'10 あの夏へ','10 あの夏へ.mp3',7),(398,'11 いつも何度でも','11 いつも何度でも.mp3',7),(399,'12 風の伝説','12 風の伝説.mp3',7),(400,'14 世界の約束','14 世界の約束.mp3',7),(401,'カントリーロード','カントリーロード.mp3',7),(402,'となりのトトロ','となりのトトロ.mp3',7),(403,'ナウシカ・レクイエム','ナウシカ・レクイエム.mp3',7),(404,'もののけ姫','もののけ姫.mp3',7),(405,'やさしさに包まれたなら','やさしさに包まれたなら.mp3',7),(406,'海の見える街','海の見える街.mp3',7),(407,'崖の上のポニョ','崖の上のポニョ.mp3',7),(408,'君をのせて','君をのせて.mp3',7),(409,'時には昔の話を','時には昔の話を.mp3',7),(410,'人生のメリーゴーランド','人生のメリーゴーランド.mp3',7),(411,'風の谷のナウシカ','風の谷のナウシカ.mp3',7),(412,'風の通り道','風の通り道.mp3',7),(413,'01 Romancing 艦・これ バトル1　／ 原曲：昼戦','01 Romancing 艦・これ バトル1　／ 原曲：昼戦.mp3',6),(414,'02 遥かなる母港　／ 原曲：母港','02 遥かなる母港　／ 原曲：母港.mp3',6),(415,'03 黒鉄のふるさと　／ 原曲：工廠','03 黒鉄のふるさと　／ 原曲：工廠.mp3',6),(416,'04 kantai suite　／ 原曲：出撃～昼戦～夜戦','04 kantai suite　／ 原曲：出撃～昼戦～夜戦.mp3',6),(417,'05 黄昏の水平線に黒瘴は揺蕩う　／ 原曲：イベント戦闘','05 黄昏の水平線に黒瘴は揺蕩う　／ 原曲：イベント戦闘.mp3',6),(418,'06 ナオモ我、進軍セリ　／ 原曲：イベントボス戦','06 ナオモ我、進軍セリ　／ 原曲：イベントボス戦.mp3',6),(419,'07 恋せよ艦娘いざ抜錨　／ 原曲：勝利～新艦娘加入～etc','07 恋せよ艦娘いざ抜錨　／ 原曲：勝利～新艦娘加入～etc.mp3',6),(420,'01 キューティーハニー','01 キューティーハニー.mp3',6),(421,'02 そばかす','02 そばかす.mp3',6),(422,'03 ルパン三世のテーマ','03 ルパン三世のテーマ.mp3',6),(423,'04 ウィーアー！','04 ウィーアー！.mp3',6),(424,'05 マジンガーZ','05 マジンガーZ.mp3',6),(425,'06 アララの呪文','06 アララの呪文.mp3',6),(426,'07 ブルーバード','07 ブルーバード.mp3',6),(427,'08 君をのせて','08 君をのせて.mp3',6),(428,'09 残酷な天使のテーゼ','09 残酷な天使のテーゼ.mp3',6),(429,'10 アンパンマンのマーチ','10 アンパンマンのマーチ.mp3',6),(430,'11 宇宙戦艦ヤマト','11 宇宙戦艦ヤマト.mp3',6),(431,'12 タッチ','12 タッチ.mp3',6),(432,'13 ヤッターマンの歌','13 ヤッターマンの歌.mp3',6),(433,'14 「名探偵コナン」メイン・テーマ','14 「名探偵コナン」メイン・テーマ.mp3',6),(434,'15 摩訶不思議アドベンチャー','15 摩訶不思議アドベンチャー.mp3',6),(435,'16 勇気100%','16 勇気100%.mp3',6),(436,'17 銀河鉄道999','17 銀河鉄道999.mp3',6),(437,'01 『高貴なる葡萄酒を讃えて』より『Ⅰ．シャンペン』','01 『高貴なる葡萄酒を讃えて』より『Ⅰ．シャンペン』.mp3',6),(438,'02 『高貴なる葡萄酒を讃えて』より『Ⅱ．シャブリ』','02 『高貴なる葡萄酒を讃えて』より『Ⅱ．シャブリ』.mp3',6),(439,'03 『高貴なる葡萄酒を讃えて』より『Ⅲ．キャンティ』','03 『高貴なる葡萄酒を讃えて』より『Ⅲ．キャンティ』.mp3',6),(440,'04 『高貴なる葡萄酒を讃えて』より『Ⅳ．ホック』','04 『高貴なる葡萄酒を讃えて』より『Ⅳ．ホック』.mp3',6),(441,'05 『高貴なる葡萄酒を讃えて』より『Ⅴ．フンダドーレ……そしてシャンペンをもう一本』','05 『高貴なる葡萄酒を讃えて』より『Ⅴ．フンダドーレ……そしてシャンペンをもう一本』.mp3',6),(442,'01 吹奏楽のための第一組曲Ⅰ - Chaconne','01 吹奏楽のための第一組曲Ⅰ - Chaconne.mp3',6),(443,'02 吹奏楽のための第一組曲Ⅱ - Intermezzo','02 吹奏楽のための第一組曲Ⅱ - Intermezzo.mp3',6),(444,'05 吹奏楽のための第二組曲Ⅱ - Song without Words','05 吹奏楽のための第二組曲Ⅱ - Song without Words.mp3',6),(445,'03 吹奏楽のための第一組曲Ⅲ - March','03 吹奏楽のための第一組曲Ⅲ - March.mp3',6),(446,'04 吹奏楽のための第二組曲Ⅰ - March','04 吹奏楽のための第二組曲Ⅰ - March.mp3',6),(447,'06 吹奏楽のための第二組曲Ⅲ - Song of the Blacksmith','06 吹奏楽のための第二組曲Ⅲ - Song of the Blacksmith.mp3',6),(448,'07 吹奏楽のための第二組曲Ⅳ - Fantasia on the Dargason','07 吹奏楽のための第二組曲Ⅳ - Fantasia on the Dargason.mp3',6),(449,'01-J_S_Bach_フーガト短調BWV578「小フーガ」','01-J_S_Bach_フーガト短調BWV578「小フーガ」.mp3',3),(450,'02-ショパン_バラード第1番ト短調作品23','02-ショパン_バラード第1番ト短調作品23.mp3',3),(451,'03-ヘンデル_ラルゴ(オンブラ・マイ・フ)','03-ヘンデル_ラルゴ(オンブラ・マイ・フ).mp3',3),(452,'04-シベリウス_ヴァイオリン協奏曲ニ短調作品47～第1楽章アレグロ・モデラート','04-シベリウス_ヴァイオリン協奏曲ニ短調作品47～第1楽章アレグロ・モデラート.mp3',3),(453,'06-バッハ_シチリアーノ(フルートとチェンバロのためのソナタ変ホ長調BWV1031より)','06-バッハ_シチリアーノ(フルートとチェンバロのためのソナタ変ホ長調BWV1031より).mp3',3),(454,'05-ベートーベン_ピアノ・ソナタ第14番嬰ハ短調作品27の2「月光」～第1楽章アダージョ・ソステヌート','05-ベートーベン_ピアノ・ソナタ第14番嬰ハ短調作品27の2「月光」～第1楽章アダージョ・ソステヌート.mp3',3),(455,'07-シューマン：クライスレリアーナ作品16～第8曲ヴィヴァーチェ・エ・スケルツァンド','07-シューマン：クライスレリアーナ作品16～第8曲ヴィヴァーチェ・エ・スケルツァンド.mp3',3),(456,'08-スメタナ_モルダウ','08-スメタナ_モルダウ.mp3',3),(457,'09-バッハ_G線上のアリア(管弦楽組曲第3番より)','09-バッハ_G線上のアリア(管弦楽組曲第3番より).mp3',3),(458,'01-チャイコフスキー_ 弦楽セレナーデ ハ長調 op_46～第1楽章','01-チャイコフスキー_ 弦楽セレナーデ ハ長調 op_46～第1楽章.mp3',3),(459,'02-ラフマニノフ_ ヴォカリーズop_34-14','02-ラフマニノフ_ ヴォカリーズop_34-14.mp3',3),(460,'03-コラール第3番イ短調(フランク)','03-コラール第3番イ短調(フランク).mp3',3),(461,'04-交響曲第5番嬰ハ短調～第4楽章(マーラー)','04-交響曲第5番嬰ハ短調～第4楽章(マーラー).mp3',3),(462,'05-無伴奏チェロ組曲第1番ト長調BWV1007～プレリュード(バッハ)','05-無伴奏チェロ組曲第1番ト長調BWV1007～プレリュード(バッハ).mp3',3),(463,'06-抒情組曲～第4楽章(ベルク)','06-抒情組曲～第4楽章(ベルク).mp3',3),(464,'07-ピアノ協奏曲第2番ハ短調op_18～第2楽章','07-ピアノ協奏曲第2番ハ短調op_18～第2楽章.mp3',3),(465,'08-管弦楽組曲第3番ニ長調BWV1068～アリア(バッハ)','08-管弦楽組曲第3番ニ長調BWV1068～アリア(バッハ).mp3',3),(466,'09-Yoshiki_ Amethyst','09-Yoshiki_ Amethyst.mp3',3),(467,'01 愛があれば大丈夫','01 愛があれば大丈夫.wma',3),(468,'02 二人のＢｉｒｔｈｄａｙ','02 二人のＢｉｒｔｈｄａｙ.wma',3),(469,'03 ロマンスの神様','03 ロマンスの神様.wma',3),(470,'04 幸せをつかみたい','04 幸せをつかみたい.wma',3),(471,'05 ゲレンデがとけるほど恋したい','05 ゲレンデがとけるほど恋したい.wma',3),(472,'06 ＤＥＡＲ…ａｇａｉｎ（Ｖｅｒ．２．０５）','06 ＤＥＡＲ…ａｇａｉｎ（Ｖｅｒ．２．０５）.wma',3),(473,'07 真冬の帰り道','07 真冬の帰り道.wma',3),(474,'08 ｐｒｏｍｉｓｅ','08 ｐｒｏｍｉｓｅ.wma',3),(475,'09 ピアニシモ','09 ピアニシモ.wma',3),(476,'10 Ｇｒｏｏｖｙ！','10 Ｇｒｏｏｖｙ！.wma',3),(477,'11 幸せになりたい','11 幸せになりたい.wma',3),(478,'12 Ａｌｗａｙｓ　Ｉ　Ｎｅｅｄ','12 Ａｌｗａｙｓ　Ｉ　Ｎｅｅｄ.wma',3),(479,'01 Ｌｕｐｉｎ　ｔｈｅ　Ｔｈｉｒｄ（ルパン三世のテーマ）','01 Ｌｕｐｉｎ　ｔｈｅ　Ｔｈｉｒｄ（ルパン三世のテーマ）.wma',5),(480,'02 ルパン三世のテーマ’７８（２００２ｖｅｒ．｜ｉ－ｄｅｐ’ｓ　ｓａｍｂａ　３ｒｄ　ｍｉｘ）','02 ルパン三世のテーマ’７８（２００２ｖｅｒ．｜ｉ－ｄｅｐ’ｓ　ｓａｍｂａ　３ｒｄ　ｍｉｘ）.wma',5),(481,'03 非常線突破','03 非常線突破.wma',5),(482,'04 Ｔｒｅａｓｕｒｅｓ　ｏｆ　Ｔｉｍｅ（炎のたからもの）','04 Ｔｒｅａｓｕｒｅｓ　ｏｆ　Ｔｉｍｅ（炎のたからもの）.wma',5),(483,'06 Ｆｕｎｎｙ　Ｗａｌｋ　Ｉｎ　Ｏｌｄ　Ｆａｓｈｉｏｎ','06 Ｆｕｎｎｙ　Ｗａｌｋ　Ｉｎ　Ｏｌｄ　Ｆａｓｈｉｏｎ.wma',5),(484,'05 ラヴ・スコール（Ｗｏｒｌｄ　Ｓｋｅｔｃｈ　“Ｏｃｅａｎ”　Ｒｅｍｉｘ）','05 ラヴ・スコール（Ｗｏｒｌｄ　Ｓｋｅｔｃｈ　“Ｏｃｅａｎ”　Ｒｅｍｉｘ）.wma',5),(485,'07 ルパン三世のテーマ（Ｗｏｒｌｄ　Ｓｋｅｔｃｈ　Ｒｅｍｉｘ）','07 ルパン三世のテーマ（Ｗｏｒｌｄ　Ｓｋｅｔｃｈ　Ｒｅｍｉｘ）.wma',5),(486,'08 Ｌｏｖｅ　Ｉｓ　Ｅｖｅｒｙｔｈｉｎｇ','08 Ｌｏｖｅ　Ｉｓ　Ｅｖｅｒｙｔｈｉｎｇ.wma',5),(487,'09 斬鉄剣（石川五ェ門のテーマ）','09 斬鉄剣（石川五ェ門のテーマ）.wma',5),(488,'11 サンバ・テンペラード（２００４ｖｅｒ．｜ｑｕａｓｉｍｏｄｅ　Ｒｅｍｉｘ）','11 サンバ・テンペラード（２００４ｖｅｒ．｜ｑｕａｓｉｍｏｄｅ　Ｒｅｍｉｘ）.wma',5),(489,'12 スーパー・ヒーロー','12 スーパー・ヒーロー.wma',5),(490,'10 ＬＯＶＩＮ’ＹＯＵ（ＬＵＣＫＹ）','10 ＬＯＶＩＮ’ＹＯＵ（ＬＵＣＫＹ）.wma',5),(491,'13 Ｓｔｏｌｅｎ　Ｍｏｍｅｎｔｓ（ルパン三世　愛のテーマ）','13 Ｓｔｏｌｅｎ　Ｍｏｍｅｎｔｓ（ルパン三世　愛のテーマ）.wma',5),(492,'14 ルパン三世のテーマ’７８（ＦＰＭ　ＥＶＥＲＬＵＳＴ　ＭＩＸ）','14 ルパン三世のテーマ’７８（ＦＰＭ　ＥＶＥＲＬＵＳＴ　ＭＩＸ）.wma',5),(493,'01 カードの目覚め','01 カードの目覚め.wma',5),(494,'02 魔法の鍵','02 魔法の鍵.wma',5),(495,'03 とまどい','03 とまどい.wma',5),(496,'04 ハートのカード','04 ハートのカード.wma',5),(497,'05 さくらのおそよう日','05 さくらのおそよう日.wma',5),(498,'06 怪しい遊園地','06 怪しい遊園地.wma',5),(499,'07 逢いたかった','07 逢いたかった.wma',5),(500,'08 告白のタイミング','08 告白のタイミング.wma',5),(501,'09 二人の距離','09 二人の距離.wma',5),(502,'10 お邪魔なケロちゃん','10 お邪魔なケロちゃん.wma',5),(503,'11 エリオルへの手紙','11 エリオルへの手紙.wma',5),(504,'12 ありがとう','12 ありがとう.wma',5),(505,'13 打ち明けたいのに…','13 打ち明けたいのに….wma',5),(506,'14 遊びの時間','14 遊びの時間.wma',5),(507,'15 恋する観覧車','15 恋する観覧車.wma',5),(508,'16 カードの気配','16 カードの気配.wma',5),(509,'17 みんな消えちゃう！','17 みんな消えちゃう！.wma',5),(510,'18 解けた封印','18 解けた封印.wma',5),(511,'19 不安の兆し','19 不安の兆し.wma',5),(512,'20 涙','20 涙.wma',5),(513,'21 ここに来て','21 ここに来て.wma',5),(514,'22 決意の幕開け','22 決意の幕開け.wma',5),(515,'26 戦いが始まる','26 戦いが始まる.wma',5),(516,'23 勇気の円舞曲','23 勇気の円舞曲.wma',5),(517,'24 気持ち，伝えたい…','24 気持ち，伝えたい….wma',5),(518,'25 消えた友枝町','25 消えた友枝町.wma',5),(519,'28 小狼の挑戦','28 小狼の挑戦.wma',5),(520,'27 力を合わせて','27 力を合わせて.wma',5),(521,'29 絶対あきらめない！','29 絶対あきらめない！.wma',5),(522,'30 本当の想い','30 本当の想い.wma',5),(523,'31 きっと言えるから','31 きっと言えるから.wma',5),(524,'32 明日へのメロディー','32 明日へのメロディー.wma',5),(525,'01 笑顔の理由（ＴＶアニメ「明日のよいち！」オープニングテーマ）','01 笑顔の理由（ＴＶアニメ「明日のよいち！」オープニングテーマ）.wma',5),(526,'02 滑走路（２００８年一橋大学一橋祭　公式イメージソング）','02 滑走路（２００８年一橋大学一橋祭　公式イメージソング）.wma',5),(527,'03 笑顔の理由（ｗｅｌｃｏｍｅ－ａｂｏａｒｄ－ｍｉｘ）','03 笑顔の理由（ｗｅｌｃｏｍｅ－ａｂｏａｒｄ－ｍｉｘ）.wma',5),(528,'04 滑走路（ｗｅｌｃｏｍｅ－ａｂｏａｒｄ－ｍｉｘ）','04 滑走路（ｗｅｌｃｏｍｅ－ａｂｏａｒｄ－ｍｉｘ）.wma',5),(529,'01 Overture','01 Overture.wma',5),(530,'02 Opening','02 Opening.wma',5),(531,'03 This Is Halloween','03 This Is Halloween.wma',5),(532,'04 Jack&#039;s Lament','04 Jack&#039;s Lament.wma',5),(533,'05 Doctor Finklestein-In the Forest','05 Doctor Finklestein-In the Forest.wma',5),(534,'06 What&#039;s This-','06 What&#039;s This-.wma',5),(535,'07 Town Meeting Song','07 Town Meeting Song.wma',5),(536,'08 Jack and Sally Montage','08 Jack and Sally Montage.wma',5),(537,'09 Jack&#039;s Obsession','09 Jack&#039;s Obsession.wma',5),(538,'10 Kidnap the Sandy Claws','10 Kidnap the Sandy Claws.wma',5),(539,'11 Making Christmas','11 Making Christmas.wma',5),(540,'12 Nabbed','12 Nabbed.wma',5),(541,'13 Oogie Boogie&#039;s Song','13 Oogie Boogie&#039;s Song.wma',5),(542,'14 Sally&#039;s Song','14 Sally&#039;s Song.wma',5),(543,'15 Christmas Eve Montage','15 Christmas Eve Montage.wma',5),(544,'16 Poor Jack','16 Poor Jack.wma',5),(545,'17 To the Rescue','17 To the Rescue.wma',5),(546,'18 Finale','18 Finale.wma',5),(547,'19 Reprise','19 Reprise.wma',5),(548,'20 Closing','20 Closing.wma',5),(549,'01 音に出来る事','01 音に出来る事.wma',3),(550,'02 夜の向日葵','02 夜の向日葵.wma',3),(551,'03 変わらないからこそ','03 変わらないからこそ.wma',3),(552,'04 OMOSHIRO MUSIC','04 OMOSHIRO MUSIC.wma',3),(553,'05 Happy Material','05 Happy Material.wma',3),(554,'06 夢見る魚-Erik Satie-','06 夢見る魚-Erik Satie-.wma',3),(555,'07 リビングゲーム','07 リビングゲーム.wma',3),(556,'08 不安の立像','08 不安の立像.wma',3),(557,'09 FURYOUミュージック','09 FURYOUミュージック.wma',3),(558,'10 電波リレーの勝者','10 電波リレーの勝者.wma',3),(559,'11 ピカデリー-Eruk Satie-','11 ピカデリー-Eruk Satie-.wma',3),(560,'12 言葉と旋律','12 言葉と旋律.wma',3),(561,'13 Les Enfants du Paradia','13 Les Enfants du Paradia.wma',3),(562,'14 beautiful everyday','14 beautiful everyday.wma',3),(563,'15 邂逅','15 邂逅.wma',3),(564,'16 小さな旋律','16 小さな旋律.wma',3),(565,'17 風の吹く丘','17 風の吹く丘.wma',3),(566,'18 組曲の行方','18 組曲の行方.wma',3),(567,'19 ナグルファルの船上にて-Orgel Ver-','19 ナグルファルの船上にて-Orgel Ver.-.wma',3),(568,'20 夏の大三角','20 夏の大三角.wma',3),(569,'01 空気力学少女と少年の詩-Orgel Ver-','01 空気力学少女と少年の詩-Orgel Ver.-.wma',3),(570,'02 平坦、そして美しき日常','02 平坦、そして美しき日常.wma',3),(571,'03 見慣れた風景','03 見慣れた風景.wma',3),(572,'04 怪優奇優侏儒巨人美少女等募集','04 怪優奇優侏儒巨人美少女等募集.wma',3),(573,'05 undowncity','05 undowncity.wma',3),(574,'06 電磁波ト世界の関係','06 電磁波ト世界の関係.wma',3),(575,'07 主よ、人の望みの喜びよ','07 主よ、人の望みの喜びよ.wma',3),(576,'08 終ワリノ旋律','08 終ワリノ旋律.wma',3),(577,'09 なぜ日は傾くのか','09 なぜ日は傾くのか.wma',3),(578,'10 人よ、幸福に！','10 人よ、幸福に！.wma',3),(579,'11 小さな記憶','11 小さな記憶.wma',3),(580,'12 同じ空はどこにも無い','12 同じ空はどこにも無い.wma',3),(581,'13 窓と光','13 窓と光.wma',3),(582,'14 黒い翼の舞','14 黒い翼の舞.wma',3),(583,'15 少年とナイフ','15 少年とナイフ.wma',3),(584,'16 Tractatus Logico-philosophicus','16 Tractatus Logico-philosophicus.wma',3),(585,'17 空気力学少女と少年の詩-Piano Ver-','17 空気力学少女と少年の詩-Piano Ver.-.wma',3),(586,'18 最果ての空','18 最果ての空.wma',3),(587,'19 KAROYAKAGirls','19 KAROYAKAGirls.wma',3),(588,'01 タイスの瞑想曲','01 タイスの瞑想曲.mp3',8),(589,'02 月の光','02 月の光.mp3',8),(590,'03 アラベスク第１番','03 アラベスク第１番.mp3',8),(591,'04 アイネ・クライネ・ナハトムジーク～第２楽章','04 アイネ・クライネ・ナハトムジーク～第２楽章.mp3',8),(592,'05 夜想曲第２番','05 夜想曲第２番.mp3',8),(593,'06 ジムノペディ第１番','06 ジムノペディ第１番.mp3',8),(594,'07 Ｇ線上のアリア','07 Ｇ線上のアリア.mp3',8),(595,'08 別れの曲','08 別れの曲.mp3',8),(596,'09 亡き王女のためのパヴァーヌ','09 亡き王女のためのパヴァーヌ.mp3',8),(597,'10 私はあなたが好き','10 私はあなたが好き.mp3',8),(598,'11 トロイメライ','11 トロイメライ.mp3',8),(599,'12 オンブラ・マイ・フ','12 オンブラ・マイ・フ.mp3',8),(600,'13 愛の夢第３番','13 愛の夢第３番.mp3',8),(601,'14 亜麻色の髪の乙女','14 亜麻色の髪の乙女.mp3',8),(602,'15 組曲「惑星」～木星','15 組曲「惑星」～木星.mp3',8),(603,'01-夜桜に君を隠して(instrumental）','01-夜桜に君を隠して(instrumental）.mp3',5),(604,'02-嘘付きフォルテッシモ（instrumental）','02-嘘付きフォルテッシモ（instrumental）.mp3',5),(605,'03-IRON RAIN～密室の懺悔（instrumental）','03-IRON RAIN～密室の懺悔（instrumental）.mp3',5),(606,'04-弱虫ナイフ（instrumental）','04-弱虫ナイフ（instrumental）.mp3',5),(607,'06-色は匂へど散りぬるを（instrumental）','06-色は匂へど散りぬるを（instrumental）.mp3',5),(608,'05-硝子的サイコロジー（instrumental）','05-硝子的サイコロジー（instrumental）.mp3',5),(609,'01-三千世界','01-三千世界.mp3',5),(610,'02-色は情へと誘う','02-色は情へと誘う.mp3',5),(611,'03-灰桜','03-灰桜.mp3',5),(612,'04-溺愛エクリプス','04-溺愛エクリプス.mp3',5),(613,'06-硝子的サイコロジー(Autobahn Remix)','06-硝子的サイコロジー(Autobahn Remix).mp3',5),(614,'05-夜ノ花～凪～','05-夜ノ花～凪～.mp3',5),(615,'07-大地に咲く旋律(ぬらりひょん REMIX)','07-大地に咲く旋律(ぬらりひょん REMIX).mp3',5),(616,'01-女神の口づけを','01-女神の口づけを.mp3',5),(617,'02-沈黙のカナデ','02-沈黙のカナデ.mp3',5),(618,'03-暁の水平線に','03-暁の水平線に.mp3',5),(619,'04-ちいさな独占欲','04-ちいさな独占欲.mp3',5),(620,'05-Forutune Rest','05-Forutune Rest.mp3',5),(621,'06-揺れる恋は波の如く','06-揺れる恋は波の如く.mp3',5),(622,'01-終ハロローグ末此れから','01-終ハロローグ末此れから.mp3',5),(623,'02-紅月ミゼラブル～廃憶編','02-紅月ミゼラブル～廃憶編.mp3',5),(624,'03-令・瞑コード零','03-令・瞑コード零.mp3',5),(625,'04-バイバイ、ツァラトゥストラ','04-バイバイ、ツァラトゥストラ.mp3',5),(626,'05-夢見のトーファは夜々踊ル','05-夢見のトーファは夜々踊ル.mp3',5),(627,'06-SKA death','06-SKA death.mp3',5),(628,'07-灰静症ドゥオモに花束ォ','07-灰静症ドゥオモに花束ォ.mp3',5),(629,'08-時間差カルテ','08-時間差カルテ.mp3',5),(630,'01-白銀の春','01-白銀の春.mp3',5),(631,'02-マヨヒガの黒猫','02-マヨヒガの黒猫.mp3',5),(632,'03-人形租界の夜','03-人形租界の夜.mp3',5),(633,'04-雲の上の桜花結界','04-雲の上の桜花結界.mp3',5),(634,'05-白玉楼階段の幻闘','05-白玉楼階段の幻闘.mp3',5),(635,'06-彼の世に嬢の亡骸','06-彼の世に嬢の亡骸.mp3',5),(636,'07-人妖の境界','07-人妖の境界.mp3',5),(637,'08-さくらさくら','08-さくらさくら.mp3',5),(638,'01-ハルトマンの妖怪少女','01-ハルトマンの妖怪少女.mp3',5),(639,'02-少女さとり　〜 3rd Eye','02-少女さとり　〜 3rd Eye.mp3',5),(640,'03-幽霊楽団　〜 Phantom Ensemble','03-幽霊楽団　〜 Phantom Ensemble.mp3',5),(641,'04-亡き王女の為のセプテット','04-亡き王女の為のセプテット.mp3',5),(642,'05-U_N_オーエンは彼女なのか？','05-U_N_オーエンは彼女なのか？.mp3',5),(643,'06-魔法少女達の百年祭','06-魔法少女達の百年祭.mp3',5),(644,'07-不思議なお祓い棒','07-不思議なお祓い棒.mp3',5),(645,'08-少女秘封倶楽部','08-少女秘封倶楽部.mp3',5),(646,'09-東方緋想天','09-東方緋想天.mp3',5),(647,'10-日本中の不思議を集めて','10-日本中の不思議を集めて.mp3',5),(648,'01-夜桜に君を隠して','01-夜桜に君を隠して.mp3',5),(649,'02-傷痕','02-傷痕.mp3',5),(650,'03-至福エキス','03-至福エキス.mp3',5),(651,'04-ニヒル神楽','04-ニヒル神楽.mp3',5),(652,'05-雪解けリアリズム','05-雪解けリアリズム.mp3',5),(653,'06-メビウス(Dubstep Remix)','06-メビウス(Dubstep Remix).mp3',5),(654,'01 ソ・ラ・ソ・ミ','01 ソ・ラ・ソ・ミ.wma',3),(655,'02 世界は踊るよ，君と。（ＴＶサイズ）','02 世界は踊るよ，君と。（ＴＶサイズ）.wma',3),(656,'03 花咲く街のワルツ','03 花咲く街のワルツ.wma',3),(657,'04 はんなり','04 はんなり.wma',3),(658,'05 スープかきまぜて','05 スープかきまぜて.wma',3),(659,'06 それは良かったね','06 それは良かったね.wma',3),(660,'07 ｃｈａｎｓｏｎ　ｐｏｕｒ　ｄｅｕｘ','07 ｃｈａｎｓｏｎ　ｐｏｕｒ　ｄｅｕｘ.wma',3),(661,'08 日出づる処の少女','08 日出づる処の少女.wma',3),(662,'09 笑顔にウィンク','09 笑顔にウィンク.wma',3),(663,'10 遠き日の想い出','10 遠き日の想い出.wma',3),(664,'11 うれし，たのし','11 うれし，たのし.wma',3),(665,'12 レディのお楽しみ','12 レディのお楽しみ.wma',3),(666,'13 通過駅','13 通過駅.wma',3),(667,'14 遠く君へ','14 遠く君へ.wma',3),(668,'15 Ｔｏｍｏｒｒｏｗ’ｓ　Ｓｍｉｌｅ','15 Ｔｏｍｏｒｒｏｗ’ｓ　Ｓｍｉｌｅ.wma',3),(669,'16 ソ・ラ・ソ・ミ（ｐｉａｎｏ　ｖｅｒ．）','16 ソ・ラ・ソ・ミ（ｐｉａｎｏ　ｖｅｒ．）.wma',3),(670,'17 世界は踊るよ，君と。（Ａｃｏｕｓｔｉｃ　Ｖｅｒｓｉｏｎ）','17 世界は踊るよ，君と。（Ａｃｏｕｓｔｉｃ　Ｖｅｒｓｉｏｎ）.wma',3),(671,'18 咲いたさくら','18 咲いたさくら.wma',3),(672,'19 見渡せば','19 見渡せば.wma',3),(673,'20 でんでらりゅう','20 でんでらりゅう.wma',3),(674,'21 たからもの','21 たからもの.wma',3),(675,'22 ワルツドミノ','22 ワルツドミノ.wma',3),(676,'23 異国のショーロ','23 異国のショーロ.wma',3),(677,'24 家族ニナリタイ','24 家族ニナリタイ.wma',3),(678,'25 ソ・ラ・ソ・ミ（ａｃｃｏｒｄｉｏｎ　ｖｅｒ．）','25 ソ・ラ・ソ・ミ（ａｃｃｏｒｄｉｏｎ　ｖｅｒ．）.wma',3),(679,'26 ここからはじまる物語（ＴＶサイズ）','26 ここからはじまる物語（ＴＶサイズ）.wma',3),(680,'27 遠く君へ（ｂｏｎｕｓ　ｔｒａｃｋ）','27 遠く君へ（ｂｏｎｕｓ　ｔｒａｃｋ）.wma',3),(681,'01 いちごコンプリート（ＴＶサイズ）','01 いちごコンプリート（ＴＶサイズ）.wma',3),(682,'02 メインテーマ','02 メインテーマ.wma',3),(683,'03 メンバー紹介……的な','03 メンバー紹介……的な.wma',3),(684,'04 放課後','04 放課後.wma',3),(685,'05 おウチに帰ろ。','05 おウチに帰ろ。.wma',3),(686,'07 転校デビュー','07 転校デビュー.wma',3),(687,'06 アコーディオンです……','06 アコーディオンです…….wma',3),(688,'08 お茉莉！','08 お茉莉！.wma',3),(689,'09 悪だくみ','09 悪だくみ.wma',3),(690,'10 おも～い雰囲気','10 おも～い雰囲気.wma',3),(691,'11 耳障りなぎた～','11 耳障りなぎた～.wma',3),(692,'12 ノ～ンビリなテーマ','12 ノ～ンビリなテーマ.wma',3),(693,'13 アナん家','13 アナん家.wma',3),(694,'14 アップアップなテーマ','14 アップアップなテーマ.wma',3),(695,'15 あいきゃんと、すぴーくいん ぐりっしゅ！','15 あいきゃんと、すぴーくいん ぐりっしゅ！.wma',3),(696,'16 ねぇ、太……','16 ねぇ、太…….wma',3),(697,'17 ちーちゃん家','17 ちーちゃん家.wma',3),(698,'18 そいね','18 そいね.wma',3),(699,'19 ホッとするテーマ','19 ホッとするテーマ.wma',3),(700,'20 かわいいは、正義！','20 かわいいは、正義！.wma',3),(701,'狼たちの夜','狼たちの夜.mp3',8),(702,'ソラノウタ','ソラノウタ.mp3',8),(703,'Someone Else','Someone Else.mp3',8),(704,'Self Producer','Self Producer.mp3',8),(705,'Ring My Bell','Ring My Bell.mp3',8),(706,'Black Bullet','Black Bullet.mp3',8),(708,'いつかの、いくつかのきみとのせかい','いつかの、いくつかのきみとのせかい.mp3',8),(709,'桜花抄','桜花抄.mp3',9),(710,'想い出は遠くの日々','想い出は遠くの日々.mp3',9),(711,'焦燥','焦燥.mp3',9),(712,'雪の駅','雪の駅.mp3',9),(713,'Kiss','Kiss.mp3',9),(714,'カナエの気持ち','カナエの気持ち.mp3',9),(715,'夢','夢.mp3',9),(716,'空と海の詩','空と海の詩.mp3',9),(717,'届かない気持ち','届かない気持ち.mp3',9),(718,'END THEME','END THEME.mp3',9),(719,'One more time, One more chance Piano ver','One more time, One more chance Piano ver..mp3',9),(720,'01 2台のピアノのためのソナタ　ニ長調　K448 アレグロ・コン・スピーリト','01 2台のピアノのためのソナタ　ニ長調　K448 アレグロ・コン・スピーリト.wma',3),(721,'02 アンダンテ','02 アンダンテ.wma',3),(722,'03 モルト・アレグロ','03 モルト・アレグロ.wma',3),(723,'04 アンダンテと５つの変奏曲ハ長K501','04 アンダンテと５つの変奏曲ハ長K501.wma',3),(724,'05 4手のためのピアノ・ソナタ　ハ長調 K521 アレグロ','05 4手のためのピアノ・ソナタ　ハ長調 K521 アレグロ.wma',3),(725,'06 アンダンテ','06 アンダンテ.wma',3),(726,'07 アレグレット','07 アレグレット.wma',3),(727,'08 4手のためのピアノ・ソナタ　ニ長調 K381 アレグロ','08 4手のためのピアノ・ソナタ　ニ長調 K381 アレグロ.wma',3),(728,'09 アンダンテ','09 アンダンテ.wma',3),(729,'02 官能的なソナチネ　Ａｌｌｅｇｒｏ','02 官能的なソナチネ　Ａｌｌｅｇｒｏ.wma',3),(730,'03 官能的なソナチネ　Ａｎｄａｎｔｅ','03 官能的なソナチネ　Ａｎｄａｎｔｅ.wma',3),(731,'04 官能的なソナチネ　Ｖｉｖａｃｅ','04 官能的なソナチネ　Ｖｉｖａｃｅ.wma',3),(732,'05 ジムノペディ第２番','05 ジムノペディ第２番.wma',3),(733,'06 スポーツと嬉遊曲　食欲をそそらないコラール','06 スポーツと嬉遊曲　食欲をそそらないコラール.wma',3),(734,'07 スポーツと嬉遊曲　ブランコ','07 スポーツと嬉遊曲　ブランコ.wma',3),(735,'08 スポーツと嬉遊曲　狩','08 スポーツと嬉遊曲　狩.wma',3),(736,'09 スポーツと嬉遊曲　イタリア喜劇','09 スポーツと嬉遊曲　イタリア喜劇.wma',3),(737,'10 スポーツと嬉遊曲　花嫁の目覚め','10 スポーツと嬉遊曲　花嫁の目覚め.wma',3),(738,'11 スポーツと嬉遊曲　目かくし鬼','11 スポーツと嬉遊曲　目かくし鬼.wma',3),(739,'12 スポーツと嬉遊曲　魚釣り','12 スポーツと嬉遊曲　魚釣り.wma',3),(740,'13 スポーツと嬉遊曲　ヨット競技','13 スポーツと嬉遊曲　ヨット競技.wma',3),(741,'14 スポーツと嬉遊曲　海水浴','14 スポーツと嬉遊曲　海水浴.wma',3),(742,'15 スポーツと嬉遊曲　カーニヴァル','15 スポーツと嬉遊曲　カーニヴァル.wma',3),(743,'16 スポーツと嬉遊曲　ゴルフ','16 スポーツと嬉遊曲　ゴルフ.wma',3),(744,'17 スポーツと嬉遊曲　蛸','17 スポーツと嬉遊曲　蛸.wma',3),(745,'18 スポーツと嬉遊曲　競馬','18 スポーツと嬉遊曲　競馬.wma',3),(746,'19 スポーツと嬉遊曲　陣取り遊び','19 スポーツと嬉遊曲　陣取り遊び.wma',3),(747,'20 スポーツと嬉遊曲　ピクニック','20 スポーツと嬉遊曲　ピクニック.wma',3),(748,'21 スポーツと嬉遊曲　ウォーター・シュート','21 スポーツと嬉遊曲　ウォーター・シュート.wma',3),(749,'22 スポーツと嬉遊曲　タンゴ','22 スポーツと嬉遊曲　タンゴ.wma',3),(750,'23 スポーツと嬉遊曲　そり','23 スポーツと嬉遊曲　そり.wma',3),(751,'24 スポーツと嬉遊曲　恋愛ごっこ','24 スポーツと嬉遊曲　恋愛ごっこ.wma',3),(752,'25 スポーツと嬉遊曲　花火','25 スポーツと嬉遊曲　花火.wma',3),(753,'26 スポーツと嬉遊曲　テニス','26 スポーツと嬉遊曲　テニス.wma',3),(754,'27 ジムノペディ第３番','27 ジムノペディ第３番.wma',3),(755,'28 （犬のための）だらだらした前奏曲　１．内部の声','28 （犬のための）だらだらした前奏曲　１．内部の声.wma',3),(756,'29 （犬のための）だらだらした前奏曲　２．シニカルなボッカ','29 （犬のための）だらだらした前奏曲　２．シニカルなボッカ.wma',3),(757,'30 （犬のための）だらだらした前奏曲　３．犬の歌','30 （犬のための）だらだらした前奏曲　３．犬の歌.wma',3),(758,'31 （犬のための）だらだらした前奏曲　４．仲間意識をもって','31 （犬のための）だらだらした前奏曲　４．仲間意識をもって.wma',3),(759,'32 １９０６～１９１３年の６つの小品　１．快適な絶望','32 １９０６～１９１３年の６つの小品　１．快適な絶望.wma',3),(760,'33 １９０６～１９１３年の６つの小品　２．図々しさ','33 １９０６～１９１３年の６つの小品　２．図々しさ.wma',3),(761,'34 １９０６～１９１３年の６つの小品　３．詩','34 １９０６～１９１３年の６つの小品　３．詩.wma',3),(762,'35 １９０６～１９１３年の６つの小品　４．犬の前奏曲','35 １９０６～１９１３年の６つの小品　４．犬の前奏曲.wma',3),(763,'36 １９０６～１９１３年の６つの小品　５．深遠さ','36 １９０６～１９１３年の６つの小品　５．深遠さ.wma',3),(764,'37 １９０６～１９１３年の６つの小品　６．うつろな夢','37 １９０６～１９１３年の６つの小品　６．うつろな夢.wma',3),(765,'38 ２つの夜の空想　はじめての空想','38 ２つの夜の空想　はじめての空想.wma',3),(766,'39 ２つの夜の空想　２回目の空想','39 ２つの夜の空想　２回目の空想.wma',3),(767,'40 あらゆる方向に向けられた数章　１．おしゃべりの女','40 あらゆる方向に向けられた数章　１．おしゃべりの女.wma',3),(768,'41 あらゆる方向に向けられた数章　２．大きな石を運ぶ人','41 あらゆる方向に向けられた数章　２．大きな石を運ぶ人.wma',3),(769,'42 あらゆる方向に向けられた数章　３．閉じこめられた者の嘆き（ヨナとラテュード）','42 あらゆる方向に向けられた数章　３．閉じこめられた者の嘆き（ヨナとラテュード）.wma',3),(770,'43 愛撫','43 愛撫.wma',3),(771,'44 最後から２番目の思想　１．牧歌（クロード・ドビュッシーへ）','44 最後から２番目の思想　１．牧歌（クロード・ドビュッシーへ）.wma',3),(772,'45 最後から２番目の思想　２．朝の歌（ポール・デュカスへ）','45 最後から２番目の思想　２．朝の歌（ポール・デュカスへ）.wma',3),(773,'46 最後から２番目の思想　３．瞑想（アルベール・ルーセルへ）','46 最後から２番目の思想　３．瞑想（アルベール・ルーセルへ）.wma',3),(774,'47 ジャック・イン・ザ・ボックス　前奏曲','47 ジャック・イン・ザ・ボックス　前奏曲.wma',3),(775,'48 ジャック・イン・ザ・ボックス　間奏曲','48 ジャック・イン・ザ・ボックス　間奏曲.wma',3),(776,'49 ジャック・イン・ザ・ボックス　終曲','49 ジャック・イン・ザ・ボックス　終曲.wma',3),(777,'01 レジへＧＯ！','01 レジへＧＯ！.wma',3),(778,'02 ｉｎｃｌ．','02 ｉｎｃｌ．.wma',3),(779,'03 ｃｌｏｖｅｒ','03 ｃｌｏｖｅｒ.wma',3),(780,'04 どこまでも','04 どこまでも.wma',3),(781,'05 頭痛が痛い　リターンズ','05 頭痛が痛い　リターンズ.wma',3),(782,'06 ａｐｐｌｅ　ｃｒｉｓｐ','06 ａｐｐｌｅ　ｃｒｉｓｐ.wma',3),(783,'07 ベビーローテンション','07 ベビーローテンション.wma',3),(784,'08 ｐｏｒｃｕｐｉｎｅ','08 ｐｏｒｃｕｐｉｎｅ.wma',3),(785,'09 ｐｅｒｆｅｃｔ　ｗｏｒｌｄ','09 ｐｅｒｆｅｃｔ　ｗｏｒｌｄ.wma',3),(786,'10 ｍｉｇｈｔｙ　ｒｏｌｌｅｒ　ｃｏａｓｔｅｒ','10 ｍｉｇｈｔｙ　ｒｏｌｌｅｒ　ｃｏａｓｔｅｒ.wma',3),(787,'01 Ｐｏｐ　Ｓｔｅｐ　Ｊｕｍｐ！','01 Ｐｏｐ　Ｓｔｅｐ　Ｊｕｍｐ！.wma',3),(788,'02 1st Priority','02 1st Priority.wma',3),(789,'03 めぐり逢い','03 めぐり逢い.wma',3),(790,'04 「虹を見た」','04 「虹を見た」.wma',3),(791,'05 木枯らしの舗道を　花の咲く春を','05 木枯らしの舗道を　花の咲く春を.wma',3),(792,'06 向日葵','06 向日葵.wma',3),(793,'07 Agape','07 Agape.wma',3),(794,'08 birthday girl','08 birthday girl.wma',3),(795,'09 愛しいかけら','09 愛しいかけら.wma',3),(796,'10 Sunday Sundae','10 Sunday Sundae.wma',3),(797,'11 ふたりのせかい','11 ふたりのせかい.wma',3),(798,'12 ALL IN ALL','12 ALL IN ALL.wma',3),(799,'13 ｒａｉｎｂｏｗ　ｋｉｎｄ ｏｆ ｆｅｅｌｉｎｇ','13 ｒａｉｎｂｏｗ　ｋｉｎｄ ｏｆ ｆｅｅｌｉｎｇ.wma',3),(800,'14 So far, so near','14 So far, so near.wma',3),(801,'15 しあわせ','15 しあわせ.wma',3),(802,'16 Agape(水の惑星Ver)','16 Agape(水の惑星Ver.).wma',3),(803,'04 ドラマティックに恋して','04 ドラマティックに恋して.wma',3),(804,'05 幸せをつかみたい','05 幸せをつかみたい.wma',3),(805,'06 愛はバラード','06 愛はバラード.wma',3),(806,'07 ゲレンデがとけるほど恋したい','07 ゲレンデがとけるほど恋したい.wma',3),(807,'08 ＤＥＡＲ．．．ａｇａｉｎ','08 ＤＥＡＲ．．．ａｇａｉｎ.wma',3),(808,'09 真冬の帰り道','09 真冬の帰り道.wma',3),(809,'10 夏だモン','10 夏だモン.wma',3),(810,'11 ｐｒｏｍｉｓｅ','11 ｐｒｏｍｉｓｅ.wma',3),(811,'12 ピアニシモ','12 ピアニシモ.wma',3),(812,'13 Ｇｒｏｏｖｙ！','13 Ｇｒｏｏｖｙ！.wma',3),(813,'14 ストロボ','14 ストロボ.wma',3),(814,'01 Ｉ　Ｗｉｓｈ','01 Ｉ　Ｗｉｓｈ.wma',3),(815,'02 恋のベスト１０','02 恋のベスト１０.wma',3),(816,'03 ＢＥＧＩＮ～いくつもの冬を越えて～','03 ＢＥＧＩＮ～いくつもの冬を越えて～.wma',3),(817,'04 Ｏｎｌｙ　Ｏｎｅ～オンリー・ワン～','04 Ｏｎｌｙ　Ｏｎｅ～オンリー・ワン～.wma',3),(818,'05 Ｓｅａｒｃｈ－Ｌｉｇｈｔ','05 Ｓｅａｒｃｈ－Ｌｉｇｈｔ.wma',3),(819,'06 黄昏','06 黄昏.wma',3),(820,'07 Ｖｅｌｖｅｔ','07 Ｖｅｌｖｅｔ.wma',3),(821,'08 月の下で逢いましょう','08 月の下で逢いましょう.wma',3),(822,'09 日付変更線','09 日付変更線.wma',3),(823,'10 ＧＩＦＴ','10 ＧＩＦＴ.wma',3),(824,'11 愛は特効薬','11 愛は特効薬.wma',3),(825,'12 とろけるリズム','12 とろけるリズム.wma',3),(826,'13 ＬＯＶＥ－ＭＥＥＴＩＮＧ（ＢＯＮＵＳ　ＴＲＡＣＫ）','13 ＬＯＶＥ－ＭＥＥＴＩＮＧ（ＢＯＮＵＳ　ＴＲＡＣＫ）.wma',3),(827,'14 笑顔の女神様（ＢＯＮＵＳ　ＴＲＡＣＫ）','14 笑顔の女神様（ＢＯＮＵＳ　ＴＲＡＣＫ）.wma',3),(828,'15 フリーダム（ＢＯＮＵＳ　ＴＲＡＣＫ｜’１１－’１２アルペン・スポーツデポＣＭソング）','15 フリーダム（ＢＯＮＵＳ　ＴＲＡＣＫ｜’１１－’１２アルペン・スポーツデポＣＭソング）.wma',3),(829,'雲のむこう、約束の場所(OST)','雲のむこう、約束の場所(OST).mp3',9),(830,'負けないで','負けないで.mp3',8),(831,'CD Track 01','CD Track 01.flac',8),(832,'CD Track 02','CD Track 02.flac',8),(833,'CD Track 03','CD Track 03.flac',8),(834,'CD Track 04','CD Track 04.flac',8),(835,'ドヴォルザーク　新世界より','ドヴォルザーク　新世界より.mp3',9),(836,'ベートーベン『運命』交響曲第五番第一楽章','ベートーベン『運命』交響曲第五番第一楽章.mp3',9),(837,'怒りの日','怒りの日.mp3',9),(838,'惑星・ジュピター ','惑星・ジュピター .mp3',9),(839,'01 ぽっぴんジャンプ♪（ＴＶアニメ「ご注文はうさぎですか？」エンディングテーマ）','01 ぽっぴんジャンプ♪（ＴＶアニメ「ご注文はうさぎですか？」エンディングテーマ）.wav',10),(840,'02 ぽっぴんジャンプ♪（チノＶｅｒ．）','02 ぽっぴんジャンプ♪（チノＶｅｒ．）.wav',10),(841,'black bullet','black bullet.flac',10),(842,'pico scope -SACLA-','pico scope -SACLA-.flac',10),(843,'01 Rising Hope','01. Rising Hope.flac',10),(844,'01 虹のかけら','01. 虹のかけら.flac',10),(845,'01 ぷわぷわーお！','01. ぷわぷわーお！.mp3',11),(846,'16 - WHAT A FEELING','16 - WHAT A FEELING.mp3',11),(847,'01 Alive','01. Alive.mp3',11),(848,'02 Rainbow','02. Rainbow.mp3',11),(849,'03 Can You Feel This Love','03. Can You Feel This Love.mp3',11),(850,'04 Big Boys Cry','04. Big Boys Cry.mp3',11),(851,'05 Hands On Me','05. Hands On Me.mp3',11),(852,'06 Heaven','06. Heaven.mp3',11),(853,'07 Poison','07. Poison.mp3',11),(854,'08 La La La','08. La La La.mp3',11),(855,'09 Supernatural Love','09. Supernatural Love.mp3',11),(856,'10 Let Me Let You Go','10. Let Me Let You Go.mp3',11),(857,'11 Contrail','11. Contrail.mp3',11),(858,'12 Stardust In My Eyes','12. Stardust In My Eyes.mp3',11),(859,'01 月あかり','01 月あかり.wma',3),(860,'02 春雨','02 春雨.wma',3),(861,'03 帰郷','03 帰郷.wma',3),(862,'04 ゆうこ','04 ゆうこ.wma',3),(863,'05 初恋','05 初恋.wma',3),(864,'06 踊り子','06 踊り子.wma',3),(865,'07 少女','07 少女.wma',3),(866,'08 夢のつづき','08 夢のつづき.wma',3),(867,'09 かざぐるま','09 かざぐるま.wma',3),(868,'10 ねがい','10 ねがい.wma',3),(869,'11 陽だまり','11 陽だまり.wma',3),(870,'12 哀愁物語～哀愁にさようなら～','12 哀愁物語～哀愁にさようなら～.wma',3),(871,'13 風のたより','13 風のたより.wma',3),(872,'14 ソネット','14 ソネット.wma',3),(873,'15 アキナ','15 アキナ.wma',3),(874,'16 この国に生まれてよかった','16 この国に生まれてよかった.wma',3),(875,'17 一粒の砂','17 一粒の砂.wma',3),(876,'01 ロマンスカー','01 ロマンスカー.wma',3),(877,'02 つれてって','02 つれてって.wma',3),(878,'03 １６才','03 １６才.wma',3),(879,'04 同窓会','04 同窓会.wma',3),(880,'05 ひとりぽっちの雨の中','05 ひとりぽっちの雨の中.wma',3),(881,'06 雪が降る日に（ライブ）','06 雪が降る日に（ライブ）.wma',3),(882,'07 氷の世界（ライブ）','07 氷の世界（ライブ）.wma',3),(883,'08 影を慕いて（ライブ）','08 影を慕いて（ライブ）.wma',3),(884,'09 ２２才の別れ（ライブ）','09 ２２才の別れ（ライブ）.wma',3),(885,'10 夜行列車','10 夜行列車.wma',3),(886,'01 No1 in E flat major, op18 &#039;Grande walse brilliante&#039;','01 No.1 in E flat major, op.18 &#039;Grande walse brilliante&#039;.wma',12),(887,'06 No6 in D flat major, op64-1 &#039;Petit chine&#039;','06 No.6 in D flat major, op.64-1 &#039;Petit chine&#039;.wma',12),(888,'As','As.mp3',5),(889,'FTB','F.T.B..mp3',5),(890,'Human Nature','Human Nature.mp3',5),(891,'In A Tree','In A Tree.mp3',5),(892,'Les Eaux De Mars','Les Eaux De Mars.mp3',5),(893,'Living Inside Your Love','Living Inside Your Love.mp3',5),(894,'More Than This','More Than This.mp3',5),(895,'Night Dreamer','Night Dreamer.mp3',5),(896,'Smooth Operator','Smooth Operator.mp3',5),(897,'You Are The Sunshine Of My Life','You Are The Sunshine Of My Life.mp3',5),(898,'The Girl Ipanema','The Girl Ipanema.mp3',5),(899,'But Not For Mex','But Not For Mex.mp3',5),(900,'Wives And Lovers','Wives And Lovers.mp3',5),(901,'It&#039;s The Time','It&#039;s The Time.mp3',5),(902,'Looking Up','Looking Up.mp3',5),(903,'Lomento','Lomento.mp3',5),(904,'Corcovado','Corcovado.mp3',5),(905,'Stella By Starlightx','Stella By Starlightx.mp3',5),(906,'Dlphin Dance','Dlphin Dance.mp3',5),(907,'Samba Saravah','Samba Saravah.mp3',5),(908,'Sandalia Dela','Sandalia Dela.mp3',5),(909,'One Note Samba','One Note Samba.mp3',5),(910,'Mas Que Noda','Mas Que Noda.mp3',5),(911,'Samba De Verao','Samba De Verao.mp3',5),(912,'Garota De Ipanemo','Garota De Ipanemo.mp3',5),(913,'Wave','Wave.mp3',5),(914,'Minha Saudade','Minha Saudade.mp3',5),(915,'Desafinado','Desafinado.mp3',5),(916,'Chega De Saudade','Chega De Saudade.mp3',5),(917,'Sa Danco Samba','Sa Danco Samba.mp3',5),(918,'A Ra','A Ra.mp3',5),(919,'Agua De Beber','Agua De Beber.mp3',5),(920,'Samba Do Orfeu','Samba Do Orfeu.mp3',5),(921,'Aguas De Marco','Aguas De Marco.mp3',5),(922,'O Barquinho','O Barquinho.mp3',5),(923,'A Felicidade','A Felicidade.mp3',5),(924,'Manha De Carnaval','Manha De Carnaval.mp3',5),(925,'Quiet Nights Of Quiet Stars (Corcovado)','Quiet Nights Of Quiet Stars (Corcovado).mp3',5),(926,'O Amor Em Paz (Once I Loved)','O Amor Em Paz (Once I Loved).mp3',5);
/*!40000 ALTER TABLE `music` ENABLE KEYS */;
UNLOCK TABLES;

--
-- Table structure for table `playlist`
--

DROP TABLE IF EXISTS `playlist`;
/*!40101 SET @saved_cs_client     = @@character_set_client */;
/*!40101 SET character_set_client = utf8 */;
CREATE TABLE `playlist` (
  `id` int(11) NOT NULL AUTO_INCREMENT COMMENT 'プレイリストID',
  `name` varchar(512) COLLATE utf8_unicode_ci NOT NULL COMMENT 'プレイリスト名',
  PRIMARY KEY (`id`)
) ENGINE=InnoDB AUTO_INCREMENT=74 DEFAULT CHARSET=utf8 COLLATE=utf8_unicode_ci COMMENT='プレイリスト一覧のテーブル';
/*!40101 SET character_set_client = @saved_cs_client */;

--
-- Dumping data for table `playlist`
--

LOCK TABLES `playlist` WRITE;
/*!40000 ALTER TABLE `playlist` DISABLE KEYS */;
INSERT INTO `playlist` VALUES (-1,'Current'),(1,'DDR 2013'),(5,'INGRID FUZJKO HEMMING & VASKO VASSILEV'),(6,'Collective'),(7,'THE FOUR SEASONS'),(8,'３つのジムノペディ～サティ・ピアノ作品集'),(9,'あしあとリズム'),(10,'Puzzle'),(11,'音のコンパス'),(12,'マイ・フェイヴァリット・ショパン'),(13,'イプシロンの方舟'),(15,'E.P.S-Eiko PRIMARY SELECTION-'),(16,'MELL BEST ENTRUST-THE NAME OF MELL-'),(19,'DJ KAORI’S'),(20,'Lament'),(21,'OUT FLOW'),(23,'2007年吹奏楽コンクール課題曲'),(24,'BIT.TRIP RUNNER Original Soundtrack'),(25,'艦隊ティータイム'),(26,'Groundbreaking -BOF2013 COMPILATION ALBUM- Disk1'),(27,'スウェアリンジェン作品集'),(28,'白鳥の湖'),(29,'IVE'),(30,'ジブリジャズ'),(31,'艦これオーケストラ'),(32,'ベスト吹奏楽！ アニメ・ソング編'),(33,'高貴なる葡萄酒を讃えて'),(34,'吹奏楽のための組曲'),(35,'pray'),(36,'Yoshiki Selection'),(38,'hiroki kohmi THE BEST Love Winters'),(39,'「Lupin The Third」DANCE&#38;DRIVE official covers&#38;remixes'),(40,'「劇場版カードキャプターさくら」封印されたカード～オリジナル・サウンドトラック'),(41,'ＴＶアニメ「明日のよいち！」オープニングテーマ～笑顔の理由'),(42,'Tim Burton&#39;s The Nightmare Before Christmas [Original Motion Picture Soundtrack]'),(43,'素晴らしき日々～不連続存在～ サウンドトラックCD'),(44,'Bar Time Classic'),(45,'SiNGLES BEST 2002-2012 MEMORIES'),(46,'華麗なる静寂-instrumental'),(47,'三千世界'),(48,'女神の口づけを'),(49,'東方爆音ジャズ4'),(50,'東方爆音ジャズ5'),(51,'微笑するフォレッタ'),(52,'夜桜に君を隠して'),(53,'異国迷路のクロワーゼ サントラ'),(54,'苺ましまろ サントラ'),(55,'class1 test'),(56,'5cm'),(57,'MOzart 2台と4手のための作品集'),(58,'ジムノペディ～サティ：ピアノ作品集'),(59,'ｍｉｇｈｔｙ　ｒｏｌｌｅｒ　ｃｏａｓｔｅｒ'),(60,'メロディック・ハード・キュア'),(61,'広瀬香美 シングルコレクション'),(62,'Daydream cafe'),(63,'classic'),(64,'gochiusa'),(65,'black bullet'),(66,'hisa music'),(67,'七色夜想曲 村下孝蔵'),(68,'COFFE BREAK JAZZ(Disc1)'),(69,'COFFEE BREAK JAZZ (Disc2)'),(70,'COFFEE BREAK BOSSA (Disc1)'),(71,'COFFEE BREAK BOSSA (Disc2)'),(73,'test playlist');
/*!40000 ALTER TABLE `playlist` ENABLE KEYS */;
UNLOCK TABLES;

--
-- Table structure for table `playlistdata`
--

DROP TABLE IF EXISTS `playlistdata`;
/*!40101 SET @saved_cs_client     = @@character_set_client */;
/*!40101 SET character_set_client = utf8 */;
CREATE TABLE `playlistdata` (
  `playlistid` int(11) NOT NULL COMMENT 'プレイリストID',
  `musicid` int(11) NOT NULL COMMENT '曲ID',
  `track` int(11) NOT NULL COMMENT 'トラック番号',
  PRIMARY KEY (`playlistid`,`musicid`)
) ENGINE=InnoDB DEFAULT CHARSET=utf8 COLLATE=utf8_unicode_ci COMMENT='プレイリストと曲の対応テーブル';
/*!40101 SET character_set_client = @saved_cs_client */;

--
-- Dumping data for table `playlistdata`
--

LOCK TABLES `playlistdata` WRITE;
/*!40000 ALTER TABLE `playlistdata` DISABLE KEYS */;
INSERT INTO `playlistdata` VALUES (-1,888,1),(-1,889,2),(-1,890,3),(-1,891,4),(-1,892,5),(-1,893,6),(-1,894,7),(-1,895,8),(-1,896,9),(-1,897,10),(-1,898,11),(-1,899,12),(-1,900,13),(-1,901,14),(-1,902,15),(-1,903,16),(-1,904,17),(-1,905,18),(-1,906,19),(-1,907,20),(-1,908,21),(-1,909,22),(-1,910,23),(-1,911,24),(-1,912,25),(-1,913,26),(-1,914,27),(-1,915,28),(-1,916,29),(-1,917,30),(-1,918,31),(-1,919,32),(-1,920,33),(-1,921,34),(-1,922,35),(-1,923,36),(-1,924,37),(-1,925,38),(-1,926,39),(1,1,1),(1,2,1),(1,3,1),(1,4,1),(1,5,1),(1,6,1),(1,7,1),(1,8,1),(1,9,1),(1,10,1),(1,11,1),(1,12,1),(1,13,1),(1,14,1),(1,15,1),(1,16,1),(1,17,1),(1,18,1),(1,19,1),(1,20,1),(1,21,1),(1,22,1),(1,23,1),(1,24,1),(1,25,1),(1,26,1),(1,27,1),(1,28,1),(1,29,1),(1,30,1),(1,31,1),(1,32,1),(1,33,1),(1,34,1),(1,35,1),(1,36,1),(1,37,1),(1,38,1),(1,39,1),(1,40,1),(1,41,1),(1,42,1),(1,43,1),(1,44,1),(1,45,1),(1,46,1),(1,47,1),(1,48,1),(1,49,1),(1,50,1),(1,51,1),(1,52,1),(1,53,1),(1,54,1),(1,55,1),(1,56,1),(1,57,1),(1,58,1),(1,59,1),(1,60,1),(1,61,1),(5,79,1),(5,80,1),(5,81,1),(5,82,1),(5,83,1),(5,84,1),(5,85,1),(5,86,1),(5,87,1),(6,88,1),(6,89,1),(6,90,1),(6,91,1),(6,92,1),(6,93,1),(6,94,1),(6,95,1),(6,96,1),(6,97,1),(6,98,1),(6,99,1),(6,100,1),(6,113,1),(7,101,1),(7,102,1),(7,103,1),(7,104,1),(7,105,1),(7,106,1),(7,107,1),(7,108,1),(7,109,1),(7,110,1),(7,111,1),(7,112,1),(8,114,1),(8,115,1),(8,116,1),(8,117,1),(8,118,1),(8,119,1),(8,120,1),(8,121,1),(8,122,1),(8,123,1),(8,124,1),(8,125,1),(8,126,1),(8,127,1),(8,128,1),(8,129,1),(8,130,1),(8,131,1),(8,132,1),(8,133,1),(8,134,1),(8,135,1),(8,136,1),(8,137,1),(9,138,1),(9,139,1),(9,140,1),(9,141,1),(9,142,1),(9,143,1),(9,144,1),(9,145,1),(9,146,1),(9,147,1),(9,148,1),(9,149,1),(10,163,1),(10,164,1),(10,165,1),(10,166,1),(10,167,1),(10,168,1),(10,169,1),(10,170,1),(10,171,1),(10,172,1),(10,173,1),(10,174,1),(10,175,1),(10,176,1),(10,177,1),(10,178,1),(11,150,1),(11,151,1),(11,152,1),(11,153,1),(11,154,1),(11,155,1),(11,156,1),(11,157,1),(11,158,1),(11,159,1),(11,160,1),(11,161,1),(11,162,1),(12,179,1),(12,180,1),(12,181,1),(12,182,1),(12,183,1),(12,184,1),(12,185,1),(12,186,1),(12,187,1),(12,188,1),(13,192,1),(13,193,1),(13,194,1),(13,195,1),(13,196,1),(13,197,1),(13,198,1),(13,199,1),(13,200,1),(13,201,1),(13,202,1),(13,203,1),(13,204,1),(15,219,1),(15,220,1),(15,221,1),(15,222,1),(15,223,1),(15,224,1),(15,225,1),(15,226,1),(15,227,1),(15,228,1),(15,229,1),(15,230,1),(15,231,1),(16,232,1),(16,233,1),(16,234,1),(16,235,1),(16,236,1),(16,237,1),(16,238,1),(16,239,1),(16,240,1),(16,241,1),(16,242,1),(16,243,1),(16,244,1),(19,268,1),(19,269,1),(19,270,1),(19,271,1),(19,272,1),(19,273,1),(19,274,1),(19,275,1),(19,276,1),(19,277,1),(19,278,1),(19,279,1),(19,280,1),(19,281,1),(19,282,1),(19,283,1),(19,284,1),(19,285,1),(19,286,1),(19,287,1),(19,288,1),(19,289,1),(19,290,1),(19,291,1),(19,292,1),(19,293,1),(19,294,1),(19,295,1),(19,296,1),(19,297,1),(19,298,1),(19,299,1),(19,300,1),(19,301,1),(19,302,1),(20,303,1),(20,304,1),(20,305,1),(20,306,1),(20,307,1),(20,308,1),(20,309,1),(20,310,1),(20,311,1),(20,312,1),(20,313,1),(20,314,1),(20,315,1),(21,316,1),(21,317,1),(21,318,1),(21,319,1),(21,320,1),(21,321,1),(21,322,1),(21,323,1),(21,324,1),(21,325,1),(21,326,1),(21,327,1),(23,342,1),(23,343,1),(23,344,1),(23,345,1),(23,346,1),(24,328,1),(24,329,1),(24,330,1),(24,331,1),(24,332,1),(24,333,1),(24,334,1),(24,335,1),(24,336,1),(24,337,1),(24,338,1),(24,339,1),(24,340,1),(24,341,1),(25,347,1),(25,348,1),(25,349,1),(25,350,1),(25,351,1),(25,352,1),(25,353,1),(26,354,1),(26,355,1),(26,356,1),(26,357,1),(26,358,1),(26,359,1),(26,360,1),(26,361,1),(26,362,1),(26,363,1),(26,364,1),(26,365,1),(27,366,1),(27,367,1),(27,368,1),(27,369,1),(27,370,1),(27,371,1),(27,372,1),(27,373,1),(27,374,1),(27,375,1),(28,376,1),(28,377,1),(28,378,1),(28,379,1),(28,380,1),(28,381,1),(28,382,1),(28,383,1),(28,384,1),(28,385,1),(28,386,1),(28,387,1),(29,88,1),(29,89,1),(29,90,1),(29,91,1),(29,92,1),(29,93,1),(29,94,1),(29,95,1),(29,96,1),(29,97,1),(29,98,1),(29,99,1),(29,100,1),(29,113,1),(29,192,1),(29,193,1),(29,194,1),(29,195,1),(29,196,1),(29,197,1),(29,198,1),(29,199,1),(29,200,1),(29,201,1),(29,202,1),(29,203,1),(29,204,1),(29,219,1),(29,220,1),(29,221,1),(29,222,1),(29,223,1),(29,224,1),(29,225,1),(29,226,1),(29,227,1),(29,228,1),(29,229,1),(29,230,1),(29,231,1),(29,232,1),(29,233,1),(29,234,1),(29,235,1),(29,236,1),(29,237,1),(29,238,1),(29,239,1),(29,240,1),(29,241,1),(29,242,1),(29,243,1),(29,244,1),(29,303,1),(29,304,1),(29,305,1),(29,306,1),(29,307,1),(29,308,1),(29,309,1),(29,310,1),(29,311,1),(29,312,1),(29,313,1),(29,314,1),(29,315,1),(29,316,1),(29,317,1),(29,318,1),(29,319,1),(29,320,1),(29,321,1),(29,322,1),(29,323,1),(29,324,1),(29,325,1),(29,326,1),(29,327,1),(30,388,1),(30,389,1),(30,390,1),(30,391,1),(30,392,1),(30,393,1),(30,394,1),(30,395,1),(30,396,1),(30,397,1),(30,398,1),(30,399,1),(30,400,1),(30,401,1),(30,402,1),(30,403,1),(30,404,1),(30,405,1),(30,406,1),(30,407,1),(30,408,1),(30,409,1),(30,410,1),(30,411,1),(30,412,1),(31,413,1),(31,414,1),(31,415,1),(31,416,1),(31,417,1),(31,418,1),(31,419,1),(32,420,1),(32,421,1),(32,422,1),(32,423,1),(32,424,1),(32,425,1),(32,426,1),(32,427,1),(32,428,1),(32,429,1),(32,430,1),(32,431,1),(32,432,1),(32,433,1),(32,434,1),(32,435,1),(32,436,1),(33,437,1),(33,438,1),(33,439,1),(33,440,1),(33,441,1),(34,442,1),(34,443,1),(34,444,1),(34,445,1),(34,446,1),(34,447,1),(34,448,1),(35,245,1),(35,246,1),(35,247,1),(35,248,1),(35,249,1),(35,250,1),(35,251,1),(35,252,1),(35,253,1),(35,254,1),(35,255,1),(35,256,1),(36,449,1),(36,450,1),(36,451,1),(36,452,1),(36,453,1),(36,454,1),(36,455,1),(36,456,1),(36,457,1),(36,458,1),(36,459,1),(36,460,1),(36,461,1),(36,462,1),(36,463,1),(36,464,1),(36,465,1),(36,466,1),(38,467,1),(38,468,1),(38,469,1),(38,470,1),(38,471,1),(38,472,1),(38,473,1),(38,474,1),(38,475,1),(38,476,1),(38,477,1),(38,478,1),(39,479,1),(39,480,1),(39,481,1),(39,482,1),(39,483,1),(39,484,1),(39,485,1),(39,486,1),(39,487,1),(39,488,1),(39,489,1),(39,490,1),(39,491,1),(39,492,1),(40,493,1),(40,494,1),(40,495,1),(40,496,1),(40,497,1),(40,498,1),(40,499,1),(40,500,1),(40,501,1),(40,502,1),(40,503,1),(40,504,1),(40,505,1),(40,506,1),(40,507,1),(40,508,1),(40,509,1),(40,510,1),(40,511,1),(40,512,1),(40,513,1),(40,514,1),(40,515,1),(40,516,1),(40,517,1),(40,518,1),(40,519,1),(40,520,1),(40,521,1),(40,522,1),(40,523,1),(40,524,1),(41,525,1),(41,526,1),(41,527,1),(41,528,1),(42,529,1),(42,530,1),(42,531,1),(42,532,1),(42,533,1),(42,534,1),(42,535,1),(42,536,1),(42,537,1),(42,538,1),(42,539,1),(42,540,1),(42,541,1),(42,542,1),(42,543,1),(42,544,1),(42,545,1),(42,546,1),(42,547,1),(42,548,1),(43,549,1),(43,550,1),(43,551,1),(43,552,1),(43,553,1),(43,554,1),(43,555,1),(43,556,1),(43,557,1),(43,558,1),(43,559,1),(43,560,1),(43,561,1),(43,562,1),(43,563,1),(43,564,1),(43,565,1),(43,566,1),(43,567,1),(43,568,1),(43,569,1),(43,570,1),(43,571,1),(43,572,1),(43,573,1),(43,574,1),(43,575,1),(43,576,1),(43,577,1),(43,578,1),(43,579,1),(43,580,1),(43,581,1),(43,582,1),(43,583,1),(43,584,1),(43,585,1),(43,586,1),(43,587,1),(44,588,1),(44,589,1),(44,590,1),(44,591,1),(44,592,1),(44,593,1),(44,594,1),(44,595,1),(44,596,1),(44,597,1),(44,598,1),(44,599,1),(44,600,1),(44,601,1),(44,602,1),(45,205,1),(45,206,1),(45,207,1),(45,208,1),(45,209,1),(45,210,1),(45,211,1),(45,212,1),(45,213,1),(45,214,1),(45,215,1),(45,216,1),(45,217,1),(45,218,1),(46,603,1),(46,604,1),(46,605,1),(46,606,1),(46,607,1),(46,608,1),(47,609,1),(47,610,1),(47,611,1),(47,612,1),(47,613,1),(47,614,1),(47,615,1),(48,616,1),(48,617,1),(48,618,1),(48,619,1),(48,620,1),(48,621,1),(49,622,1),(49,623,1),(49,624,1),(49,625,1),(49,626,1),(49,627,1),(49,628,1),(49,629,1),(50,630,1),(50,631,1),(50,632,1),(50,633,1),(50,634,1),(50,635,1),(50,636,1),(50,637,1),(51,638,1),(51,639,1),(51,640,1),(51,641,1),(51,642,1),(51,643,1),(51,644,1),(51,645,1),(51,646,1),(51,647,1),(52,648,1),(52,649,1),(52,650,1),(52,651,1),(52,652,1),(52,653,1),(53,654,1),(53,656,1),(53,657,1),(53,658,1),(53,659,1),(53,660,1),(53,661,1),(53,662,1),(53,663,1),(53,664,1),(53,665,1),(53,666,1),(53,669,1),(53,673,1),(53,675,1),(53,676,1),(53,677,1),(53,678,1),(54,682,1),(54,683,1),(54,684,1),(54,685,1),(54,686,1),(54,687,1),(54,688,1),(54,689,1),(54,690,1),(54,691,1),(54,692,1),(54,693,1),(54,694,1),(54,695,1),(54,696,1),(54,697,1),(54,698,1),(54,699,1),(54,700,1),(55,701,1),(55,702,1),(55,703,1),(55,704,1),(55,705,1),(55,706,1),(55,707,1),(55,708,1),(55,830,1),(55,831,8),(55,832,9),(55,833,10),(55,834,11),(56,709,1),(56,710,1),(56,711,1),(56,712,1),(56,713,1),(56,714,1),(56,715,1),(56,716,1),(56,717,1),(56,718,1),(56,719,1),(57,720,1),(57,721,1),(57,722,1),(57,723,1),(57,724,1),(57,725,1),(57,726,1),(57,727,1),(57,728,1),(58,114,11),(58,729,1),(58,730,1),(58,731,1),(58,732,1),(58,733,1),(58,734,1),(58,735,1),(58,736,1),(58,737,1),(58,738,1),(58,739,1),(58,740,1),(58,741,1),(58,742,1),(58,743,1),(58,744,1),(58,745,1),(58,746,1),(58,747,1),(58,748,1),(58,749,1),(58,750,1),(58,751,1),(58,752,1),(58,753,1),(58,754,1),(58,755,1),(58,756,1),(58,757,1),(58,758,1),(58,759,1),(58,760,1),(58,761,1),(58,762,1),(58,763,1),(58,764,1),(58,765,1),(58,766,1),(58,767,2),(58,768,3),(58,769,4),(58,770,5),(58,771,5),(58,772,6),(58,773,7),(58,774,8),(58,775,9),(58,776,10),(59,777,1),(59,778,1),(59,779,1),(59,780,1),(59,781,1),(59,782,1),(59,783,1),(59,784,1),(59,785,1),(59,786,1),(60,787,1),(60,788,1),(60,789,1),(60,790,1),(60,791,1),(60,792,1),(60,793,1),(60,794,1),(60,795,1),(60,796,1),(60,797,1),(60,798,1),(60,799,1),(60,800,1),(60,801,1),(60,802,1),(61,467,1),(61,468,1),(61,469,1),(61,803,1),(61,804,1),(61,805,1),(61,806,1),(61,807,1),(61,808,1),(61,809,1),(61,810,1),(61,811,1),(61,812,1),(61,813,1),(61,814,1),(61,815,1),(61,816,1),(61,817,1),(61,818,1),(61,819,1),(61,820,1),(61,821,1),(61,822,1),(61,823,1),(61,824,1),(61,825,1),(61,826,1),(61,827,1),(61,828,1),(62,831,1),(62,832,1),(62,833,2),(62,834,3),(63,835,1),(63,836,2),(63,837,3),(63,838,4),(64,831,2),(64,832,3),(64,839,1),(64,840,1),(65,841,1),(65,842,2),(66,845,1),(66,846,2),(66,847,3),(66,848,4),(66,849,5),(66,850,5),(66,851,6),(66,852,7),(66,853,8),(66,854,9),(66,855,10),(66,856,11),(66,857,12),(66,858,13),(67,859,1),(67,860,2),(67,861,3),(67,862,4),(67,863,5),(67,864,6),(67,865,7),(67,866,8),(67,867,9),(67,868,10),(67,869,11),(67,870,12),(67,871,13),(67,872,14),(67,873,15),(67,874,16),(67,875,17),(67,876,18),(67,877,19),(67,878,20),(67,879,21),(67,880,22),(67,881,23),(67,882,24),(67,883,25),(67,884,26),(67,885,27),(68,888,1),(68,889,2),(68,890,3),(68,891,4),(68,892,5),(68,893,6),(68,894,7),(68,895,8),(68,896,9),(68,897,10),(69,898,1),(69,899,2),(69,900,3),(69,901,4),(69,902,5),(69,903,6),(69,904,7),(69,905,8),(69,906,9),(70,907,1),(70,908,2),(70,909,3),(70,910,4),(70,911,5),(70,912,6),(70,913,7),(70,914,8),(70,915,9),(70,916,10),(71,917,1),(71,918,2),(71,919,3),(71,920,4),(71,921,5),(71,922,6),(71,923,7),(71,924,8),(71,925,9),(71,926,10);
/*!40000 ALTER TABLE `playlistdata` ENABLE KEYS */;
UNLOCK TABLES;

--
-- Table structure for table `user`
--

DROP TABLE IF EXISTS `user`;
/*!40101 SET @saved_cs_client     = @@character_set_client */;
/*!40101 SET character_set_client = utf8 */;
CREATE TABLE `user` (
  `id` int(11) NOT NULL AUTO_INCREMENT COMMENT 'ユーザID',
  `name` varchar(36) COLLATE utf8_unicode_ci NOT NULL COMMENT 'ユーザ名',
  PRIMARY KEY (`id`)
) ENGINE=InnoDB AUTO_INCREMENT=13 DEFAULT CHARSET=utf8 COLLATE=utf8_unicode_ci COMMENT='ユーザのテーブル';
/*!40101 SET character_set_client = @saved_cs_client */;

--
-- Dumping data for table `user`
--

LOCK TABLES `user` WRITE;
/*!40000 ALTER TABLE `user` DISABLE KEYS */;
INSERT INTO `user` VALUES (1,'igari'),(2,'[object Object]'),(3,'nakazawa'),(4,'makomako'),(5,'kurachi'),(6,'torus711'),(7,'maekawa'),(8,'New User'),(9,'toC'),(10,'watayuz'),(11,'suzuki'),(12,'xyz');
/*!40000 ALTER TABLE `user` ENABLE KEYS */;
UNLOCK TABLES;
/*!40103 SET TIME_ZONE=@OLD_TIME_ZONE */;

/*!40101 SET SQL_MODE=@OLD_SQL_MODE */;
/*!40014 SET FOREIGN_KEY_CHECKS=@OLD_FOREIGN_KEY_CHECKS */;
/*!40014 SET UNIQUE_CHECKS=@OLD_UNIQUE_CHECKS */;
/*!40101 SET CHARACTER_SET_CLIENT=@OLD_CHARACTER_SET_CLIENT */;
/*!40101 SET CHARACTER_SET_RESULTS=@OLD_CHARACTER_SET_RESULTS */;
/*!40101 SET COLLATION_CONNECTION=@OLD_COLLATION_CONNECTION */;
/*!40111 SET SQL_NOTES=@OLD_SQL_NOTES */;

-- Dump completed on 2014-06-02 16:51:59
